-- MySQL dump 10.13  Distrib 5.7.29, for osx10.15 (x86_64)
--
-- Host: 127.0.0.1    Database: catmall_admin
-- ------------------------------------------------------
-- Server version	5.7.29

/*!40101 SET @OLD_CHARACTER_SET_CLIENT=@@CHARACTER_SET_CLIENT */;
/*!40101 SET @OLD_CHARACTER_SET_RESULTS=@@CHARACTER_SET_RESULTS */;
/*!40101 SET @OLD_COLLATION_CONNECTION=@@COLLATION_CONNECTION */;
/*!40101 SET NAMES utf8 */;
/*!40103 SET @OLD_TIME_ZONE=@@TIME_ZONE */;
/*!40103 SET TIME_ZONE='+00:00' */;
/*!40014 SET @OLD_UNIQUE_CHECKS=@@UNIQUE_CHECKS, UNIQUE_CHECKS=0 */;
/*!40014 SET @OLD_FOREIGN_KEY_CHECKS=@@FOREIGN_KEY_CHECKS, FOREIGN_KEY_CHECKS=0 */;
/*!40101 SET @OLD_SQL_MODE=@@SQL_MODE, SQL_MODE='NO_AUTO_VALUE_ON_ZERO' */;
/*!40111 SET @OLD_SQL_NOTES=@@SQL_NOTES, SQL_NOTES=0 */;

CREATE DATABASE /*!32312 IF NOT EXISTS*/ `catmall_admin` /*!40100 DEFAULT CHARACTER SET utf8mb4 */;

USE `catmall_admin`;

--
-- Table structure for table `QRTZ_BLOB_TRIGGERS`
--

DROP TABLE IF EXISTS `QRTZ_BLOB_TRIGGERS`;
/*!40101 SET @saved_cs_client     = @@character_set_client */;
/*!40101 SET character_set_client = utf8 */;
CREATE TABLE `QRTZ_BLOB_TRIGGERS` (
  `SCHED_NAME` varchar(120) NOT NULL,
  `TRIGGER_NAME` varchar(200) NOT NULL,
  `TRIGGER_GROUP` varchar(200) NOT NULL,
  `BLOB_DATA` blob,
  PRIMARY KEY (`SCHED_NAME`,`TRIGGER_NAME`,`TRIGGER_GROUP`),
  KEY `SCHED_NAME` (`SCHED_NAME`,`TRIGGER_NAME`,`TRIGGER_GROUP`),
  CONSTRAINT `qrtz_blob_triggers_ibfk_1` FOREIGN KEY (`SCHED_NAME`, `TRIGGER_NAME`, `TRIGGER_GROUP`) REFERENCES `QRTZ_TRIGGERS` (`SCHED_NAME`, `TRIGGER_NAME`, `TRIGGER_GROUP`)
) ENGINE=InnoDB DEFAULT CHARSET=utf8;
/*!40101 SET character_set_client = @saved_cs_client */;

--
-- Dumping data for table `QRTZ_BLOB_TRIGGERS`
--

LOCK TABLES `QRTZ_BLOB_TRIGGERS` WRITE;
/*!40000 ALTER TABLE `QRTZ_BLOB_TRIGGERS` DISABLE KEYS */;
/*!40000 ALTER TABLE `QRTZ_BLOB_TRIGGERS` ENABLE KEYS */;
UNLOCK TABLES;

--
-- Table structure for table `QRTZ_CALENDARS`
--

DROP TABLE IF EXISTS `QRTZ_CALENDARS`;
/*!40101 SET @saved_cs_client     = @@character_set_client */;
/*!40101 SET character_set_client = utf8 */;
CREATE TABLE `QRTZ_CALENDARS` (
  `SCHED_NAME` varchar(120) NOT NULL,
  `CALENDAR_NAME` varchar(200) NOT NULL,
  `CALENDAR` blob NOT NULL,
  PRIMARY KEY (`SCHED_NAME`,`CALENDAR_NAME`)
) ENGINE=InnoDB DEFAULT CHARSET=utf8;
/*!40101 SET character_set_client = @saved_cs_client */;

--
-- Dumping data for table `QRTZ_CALENDARS`
--

LOCK TABLES `QRTZ_CALENDARS` WRITE;
/*!40000 ALTER TABLE `QRTZ_CALENDARS` DISABLE KEYS */;
/*!40000 ALTER TABLE `QRTZ_CALENDARS` ENABLE KEYS */;
UNLOCK TABLES;

--
-- Table structure for table `QRTZ_CRON_TRIGGERS`
--

DROP TABLE IF EXISTS `QRTZ_CRON_TRIGGERS`;
/*!40101 SET @saved_cs_client     = @@character_set_client */;
/*!40101 SET character_set_client = utf8 */;
CREATE TABLE `QRTZ_CRON_TRIGGERS` (
  `SCHED_NAME` varchar(120) NOT NULL,
  `TRIGGER_NAME` varchar(200) NOT NULL,
  `TRIGGER_GROUP` varchar(200) NOT NULL,
  `CRON_EXPRESSION` varchar(120) NOT NULL,
  `TIME_ZONE_ID` varchar(80) DEFAULT NULL,
  PRIMARY KEY (`SCHED_NAME`,`TRIGGER_NAME`,`TRIGGER_GROUP`),
  CONSTRAINT `qrtz_cron_triggers_ibfk_1` FOREIGN KEY (`SCHED_NAME`, `TRIGGER_NAME`, `TRIGGER_GROUP`) REFERENCES `QRTZ_TRIGGERS` (`SCHED_NAME`, `TRIGGER_NAME`, `TRIGGER_GROUP`)
) ENGINE=InnoDB DEFAULT CHARSET=utf8;
/*!40101 SET character_set_client = @saved_cs_client */;

--
-- Dumping data for table `QRTZ_CRON_TRIGGERS`
--

LOCK TABLES `QRTZ_CRON_TRIGGERS` WRITE;
/*!40000 ALTER TABLE `QRTZ_CRON_TRIGGERS` DISABLE KEYS */;
INSERT INTO `QRTZ_CRON_TRIGGERS` VALUES ('RenrenScheduler','TASK_1','DEFAULT','0 0/30 * * * ?','Asia/Shanghai');
/*!40000 ALTER TABLE `QRTZ_CRON_TRIGGERS` ENABLE KEYS */;
UNLOCK TABLES;

--
-- Table structure for table `QRTZ_FIRED_TRIGGERS`
--

DROP TABLE IF EXISTS `QRTZ_FIRED_TRIGGERS`;
/*!40101 SET @saved_cs_client     = @@character_set_client */;
/*!40101 SET character_set_client = utf8 */;
CREATE TABLE `QRTZ_FIRED_TRIGGERS` (
  `SCHED_NAME` varchar(120) NOT NULL,
  `ENTRY_ID` varchar(95) NOT NULL,
  `TRIGGER_NAME` varchar(200) NOT NULL,
  `TRIGGER_GROUP` varchar(200) NOT NULL,
  `INSTANCE_NAME` varchar(200) NOT NULL,
  `FIRED_TIME` bigint(13) NOT NULL,
  `SCHED_TIME` bigint(13) NOT NULL,
  `PRIORITY` int(11) NOT NULL,
  `STATE` varchar(16) NOT NULL,
  `JOB_NAME` varchar(200) DEFAULT NULL,
  `JOB_GROUP` varchar(200) DEFAULT NULL,
  `IS_NONCONCURRENT` varchar(1) DEFAULT NULL,
  `REQUESTS_RECOVERY` varchar(1) DEFAULT NULL,
  PRIMARY KEY (`SCHED_NAME`,`ENTRY_ID`),
  KEY `IDX_QRTZ_FT_TRIG_INST_NAME` (`SCHED_NAME`,`INSTANCE_NAME`),
  KEY `IDX_QRTZ_FT_INST_JOB_REQ_RCVRY` (`SCHED_NAME`,`INSTANCE_NAME`,`REQUESTS_RECOVERY`),
  KEY `IDX_QRTZ_FT_J_G` (`SCHED_NAME`,`JOB_NAME`,`JOB_GROUP`),
  KEY `IDX_QRTZ_FT_JG` (`SCHED_NAME`,`JOB_GROUP`),
  KEY `IDX_QRTZ_FT_T_G` (`SCHED_NAME`,`TRIGGER_NAME`,`TRIGGER_GROUP`),
  KEY `IDX_QRTZ_FT_TG` (`SCHED_NAME`,`TRIGGER_GROUP`)
) ENGINE=InnoDB DEFAULT CHARSET=utf8;
/*!40101 SET character_set_client = @saved_cs_client */;

--
-- Dumping data for table `QRTZ_FIRED_TRIGGERS`
--

LOCK TABLES `QRTZ_FIRED_TRIGGERS` WRITE;
/*!40000 ALTER TABLE `QRTZ_FIRED_TRIGGERS` DISABLE KEYS */;
/*!40000 ALTER TABLE `QRTZ_FIRED_TRIGGERS` ENABLE KEYS */;
UNLOCK TABLES;

--
-- Table structure for table `QRTZ_JOB_DETAILS`
--

DROP TABLE IF EXISTS `QRTZ_JOB_DETAILS`;
/*!40101 SET @saved_cs_client     = @@character_set_client */;
/*!40101 SET character_set_client = utf8 */;
CREATE TABLE `QRTZ_JOB_DETAILS` (
  `SCHED_NAME` varchar(120) NOT NULL,
  `JOB_NAME` varchar(200) NOT NULL,
  `JOB_GROUP` varchar(200) NOT NULL,
  `DESCRIPTION` varchar(250) DEFAULT NULL,
  `JOB_CLASS_NAME` varchar(250) NOT NULL,
  `IS_DURABLE` varchar(1) NOT NULL,
  `IS_NONCONCURRENT` varchar(1) NOT NULL,
  `IS_UPDATE_DATA` varchar(1) NOT NULL,
  `REQUESTS_RECOVERY` varchar(1) NOT NULL,
  `JOB_DATA` blob,
  PRIMARY KEY (`SCHED_NAME`,`JOB_NAME`,`JOB_GROUP`),
  KEY `IDX_QRTZ_J_REQ_RECOVERY` (`SCHED_NAME`,`REQUESTS_RECOVERY`),
  KEY `IDX_QRTZ_J_GRP` (`SCHED_NAME`,`JOB_GROUP`)
) ENGINE=InnoDB DEFAULT CHARSET=utf8;
/*!40101 SET character_set_client = @saved_cs_client */;

--
-- Dumping data for table `QRTZ_JOB_DETAILS`
--

LOCK TABLES `QRTZ_JOB_DETAILS` WRITE;
/*!40000 ALTER TABLE `QRTZ_JOB_DETAILS` DISABLE KEYS */;
INSERT INTO `QRTZ_JOB_DETAILS` VALUES ('RenrenScheduler','TASK_1','DEFAULT',NULL,'io.renren.modules.job.utils.ScheduleJob','0','0','0','0',_binary 'ï¿½\ï¿½\0sr\0org.quartz.JobDataMapï¿½ï¿½ï¿½è¿©ï¿½\ï¿½\0\0xr\0&org.quartz.utils.StringKeyDirtyFlagMapï¿½\ï¿½\ï¿½ï¿½\ï¿½](\0Z\0allowsTransientDataxr\0org.quartz.utils.DirtyFlagMap\ï¿½.ï¿½(v\n\ï¿½\0Z\0dirtyL\0mapt\0Ljava/util/Map;xpsr\0java.util.HashMap\ï¿½ï¿½\ï¿½`\ï¿½\0F\0\nloadFactorI\0	thresholdxp?@\0\0\0\0\0w\0\0\0\0\0\0t\0\rJOB_PARAM_KEYsr\0.io.renren.modules.job.entity.ScheduleJobEntity\0\0\0\0\0\0\0\0L\0beanNamet\0Ljava/lang/String;L\0\ncreateTimet\0Ljava/util/Date;L\0cronExpressionq\0~\0	L\0jobIdt\0Ljava/lang/Long;L\0paramsq\0~\0	L\0remarkq\0~\0	L\0statust\0Ljava/lang/Integer;xpt\0testTasksr\0java.util.Datehjï¿½KYt\0\0xpw\0\0rBï¿½xt\00 0/30 * * * ?sr\0java.lang.Long;ï¿½\ï¿½Ì#\ï¿½\0J\0valuexr\0java.lang.Numberï¿½ï¿½ï¿½ï¿½\ï¿½ï¿½\0\0xp\0\0\0\0\0\0\0t\0renrent\0å‚æ•°æµ‹è¯•sr\0java.lang.Integerâ ¤ï¿½ï¿½ï¿½8\0I\0valuexq\0~\0\0\0\0\0x\0');
/*!40000 ALTER TABLE `QRTZ_JOB_DETAILS` ENABLE KEYS */;
UNLOCK TABLES;

--
-- Table structure for table `QRTZ_LOCKS`
--

DROP TABLE IF EXISTS `QRTZ_LOCKS`;
/*!40101 SET @saved_cs_client     = @@character_set_client */;
/*!40101 SET character_set_client = utf8 */;
CREATE TABLE `QRTZ_LOCKS` (
  `SCHED_NAME` varchar(120) NOT NULL,
  `LOCK_NAME` varchar(40) NOT NULL,
  PRIMARY KEY (`SCHED_NAME`,`LOCK_NAME`)
) ENGINE=InnoDB DEFAULT CHARSET=utf8;
/*!40101 SET character_set_client = @saved_cs_client */;

--
-- Dumping data for table `QRTZ_LOCKS`
--

LOCK TABLES `QRTZ_LOCKS` WRITE;
/*!40000 ALTER TABLE `QRTZ_LOCKS` DISABLE KEYS */;
INSERT INTO `QRTZ_LOCKS` VALUES ('RenrenScheduler','STATE_ACCESS'),('RenrenScheduler','TRIGGER_ACCESS');
/*!40000 ALTER TABLE `QRTZ_LOCKS` ENABLE KEYS */;
UNLOCK TABLES;

--
-- Table structure for table `QRTZ_PAUSED_TRIGGER_GRPS`
--

DROP TABLE IF EXISTS `QRTZ_PAUSED_TRIGGER_GRPS`;
/*!40101 SET @saved_cs_client     = @@character_set_client */;
/*!40101 SET character_set_client = utf8 */;
CREATE TABLE `QRTZ_PAUSED_TRIGGER_GRPS` (
  `SCHED_NAME` varchar(120) NOT NULL,
  `TRIGGER_GROUP` varchar(200) NOT NULL,
  PRIMARY KEY (`SCHED_NAME`,`TRIGGER_GROUP`)
) ENGINE=InnoDB DEFAULT CHARSET=utf8;
/*!40101 SET character_set_client = @saved_cs_client */;

--
-- Dumping data for table `QRTZ_PAUSED_TRIGGER_GRPS`
--

LOCK TABLES `QRTZ_PAUSED_TRIGGER_GRPS` WRITE;
/*!40000 ALTER TABLE `QRTZ_PAUSED_TRIGGER_GRPS` DISABLE KEYS */;
/*!40000 ALTER TABLE `QRTZ_PAUSED_TRIGGER_GRPS` ENABLE KEYS */;
UNLOCK TABLES;

--
-- Table structure for table `QRTZ_SCHEDULER_STATE`
--

DROP TABLE IF EXISTS `QRTZ_SCHEDULER_STATE`;
/*!40101 SET @saved_cs_client     = @@character_set_client */;
/*!40101 SET character_set_client = utf8 */;
CREATE TABLE `QRTZ_SCHEDULER_STATE` (
  `SCHED_NAME` varchar(120) NOT NULL,
  `INSTANCE_NAME` varchar(200) NOT NULL,
  `LAST_CHECKIN_TIME` bigint(13) NOT NULL,
  `CHECKIN_INTERVAL` bigint(13) NOT NULL,
  PRIMARY KEY (`SCHED_NAME`,`INSTANCE_NAME`)
) ENGINE=InnoDB DEFAULT CHARSET=utf8;
/*!40101 SET character_set_client = @saved_cs_client */;

--
-- Dumping data for table `QRTZ_SCHEDULER_STATE`
--

LOCK TABLES `QRTZ_SCHEDULER_STATE` WRITE;
/*!40000 ALTER TABLE `QRTZ_SCHEDULER_STATE` DISABLE KEYS */;
INSERT INTO `QRTZ_SCHEDULER_STATE` VALUES ('RenrenScheduler','zhaoleideMacBook-Pro.local1590681931823',1590682189475,15000);
/*!40000 ALTER TABLE `QRTZ_SCHEDULER_STATE` ENABLE KEYS */;
UNLOCK TABLES;

--
-- Table structure for table `QRTZ_SIMPLE_TRIGGERS`
--

DROP TABLE IF EXISTS `QRTZ_SIMPLE_TRIGGERS`;
/*!40101 SET @saved_cs_client     = @@character_set_client */;
/*!40101 SET character_set_client = utf8 */;
CREATE TABLE `QRTZ_SIMPLE_TRIGGERS` (
  `SCHED_NAME` varchar(120) NOT NULL,
  `TRIGGER_NAME` varchar(200) NOT NULL,
  `TRIGGER_GROUP` varchar(200) NOT NULL,
  `REPEAT_COUNT` bigint(7) NOT NULL,
  `REPEAT_INTERVAL` bigint(12) NOT NULL,
  `TIMES_TRIGGERED` bigint(10) NOT NULL,
  PRIMARY KEY (`SCHED_NAME`,`TRIGGER_NAME`,`TRIGGER_GROUP`),
  CONSTRAINT `qrtz_simple_triggers_ibfk_1` FOREIGN KEY (`SCHED_NAME`, `TRIGGER_NAME`, `TRIGGER_GROUP`) REFERENCES `QRTZ_TRIGGERS` (`SCHED_NAME`, `TRIGGER_NAME`, `TRIGGER_GROUP`)
) ENGINE=InnoDB DEFAULT CHARSET=utf8;
/*!40101 SET character_set_client = @saved_cs_client */;

--
-- Dumping data for table `QRTZ_SIMPLE_TRIGGERS`
--

LOCK TABLES `QRTZ_SIMPLE_TRIGGERS` WRITE;
/*!40000 ALTER TABLE `QRTZ_SIMPLE_TRIGGERS` DISABLE KEYS */;
/*!40000 ALTER TABLE `QRTZ_SIMPLE_TRIGGERS` ENABLE KEYS */;
UNLOCK TABLES;

--
-- Table structure for table `QRTZ_SIMPROP_TRIGGERS`
--

DROP TABLE IF EXISTS `QRTZ_SIMPROP_TRIGGERS`;
/*!40101 SET @saved_cs_client     = @@character_set_client */;
/*!40101 SET character_set_client = utf8 */;
CREATE TABLE `QRTZ_SIMPROP_TRIGGERS` (
  `SCHED_NAME` varchar(120) NOT NULL,
  `TRIGGER_NAME` varchar(200) NOT NULL,
  `TRIGGER_GROUP` varchar(200) NOT NULL,
  `STR_PROP_1` varchar(512) DEFAULT NULL,
  `STR_PROP_2` varchar(512) DEFAULT NULL,
  `STR_PROP_3` varchar(512) DEFAULT NULL,
  `INT_PROP_1` int(11) DEFAULT NULL,
  `INT_PROP_2` int(11) DEFAULT NULL,
  `LONG_PROP_1` bigint(20) DEFAULT NULL,
  `LONG_PROP_2` bigint(20) DEFAULT NULL,
  `DEC_PROP_1` decimal(13,4) DEFAULT NULL,
  `DEC_PROP_2` decimal(13,4) DEFAULT NULL,
  `BOOL_PROP_1` varchar(1) DEFAULT NULL,
  `BOOL_PROP_2` varchar(1) DEFAULT NULL,
  PRIMARY KEY (`SCHED_NAME`,`TRIGGER_NAME`,`TRIGGER_GROUP`),
  CONSTRAINT `qrtz_simprop_triggers_ibfk_1` FOREIGN KEY (`SCHED_NAME`, `TRIGGER_NAME`, `TRIGGER_GROUP`) REFERENCES `QRTZ_TRIGGERS` (`SCHED_NAME`, `TRIGGER_NAME`, `TRIGGER_GROUP`)
) ENGINE=InnoDB DEFAULT CHARSET=utf8;
/*!40101 SET character_set_client = @saved_cs_client */;

--
-- Dumping data for table `QRTZ_SIMPROP_TRIGGERS`
--

LOCK TABLES `QRTZ_SIMPROP_TRIGGERS` WRITE;
/*!40000 ALTER TABLE `QRTZ_SIMPROP_TRIGGERS` DISABLE KEYS */;
/*!40000 ALTER TABLE `QRTZ_SIMPROP_TRIGGERS` ENABLE KEYS */;
UNLOCK TABLES;

--
-- Table structure for table `QRTZ_TRIGGERS`
--

DROP TABLE IF EXISTS `QRTZ_TRIGGERS`;
/*!40101 SET @saved_cs_client     = @@character_set_client */;
/*!40101 SET character_set_client = utf8 */;
CREATE TABLE `QRTZ_TRIGGERS` (
  `SCHED_NAME` varchar(120) NOT NULL,
  `TRIGGER_NAME` varchar(200) NOT NULL,
  `TRIGGER_GROUP` varchar(200) NOT NULL,
  `JOB_NAME` varchar(200) NOT NULL,
  `JOB_GROUP` varchar(200) NOT NULL,
  `DESCRIPTION` varchar(250) DEFAULT NULL,
  `NEXT_FIRE_TIME` bigint(13) DEFAULT NULL,
  `PREV_FIRE_TIME` bigint(13) DEFAULT NULL,
  `PRIORITY` int(11) DEFAULT NULL,
  `TRIGGER_STATE` varchar(16) NOT NULL,
  `TRIGGER_TYPE` varchar(8) NOT NULL,
  `START_TIME` bigint(13) NOT NULL,
  `END_TIME` bigint(13) DEFAULT NULL,
  `CALENDAR_NAME` varchar(200) DEFAULT NULL,
  `MISFIRE_INSTR` smallint(2) DEFAULT NULL,
  `JOB_DATA` blob,
  PRIMARY KEY (`SCHED_NAME`,`TRIGGER_NAME`,`TRIGGER_GROUP`),
  KEY `IDX_QRTZ_T_J` (`SCHED_NAME`,`JOB_NAME`,`JOB_GROUP`),
  KEY `IDX_QRTZ_T_JG` (`SCHED_NAME`,`JOB_GROUP`),
  KEY `IDX_QRTZ_T_C` (`SCHED_NAME`,`CALENDAR_NAME`),
  KEY `IDX_QRTZ_T_G` (`SCHED_NAME`,`TRIGGER_GROUP`),
  KEY `IDX_QRTZ_T_STATE` (`SCHED_NAME`,`TRIGGER_STATE`),
  KEY `IDX_QRTZ_T_N_STATE` (`SCHED_NAME`,`TRIGGER_NAME`,`TRIGGER_GROUP`,`TRIGGER_STATE`),
  KEY `IDX_QRTZ_T_N_G_STATE` (`SCHED_NAME`,`TRIGGER_GROUP`,`TRIGGER_STATE`),
  KEY `IDX_QRTZ_T_NEXT_FIRE_TIME` (`SCHED_NAME`,`NEXT_FIRE_TIME`),
  KEY `IDX_QRTZ_T_NFT_ST` (`SCHED_NAME`,`TRIGGER_STATE`,`NEXT_FIRE_TIME`),
  KEY `IDX_QRTZ_T_NFT_MISFIRE` (`SCHED_NAME`,`MISFIRE_INSTR`,`NEXT_FIRE_TIME`),
  KEY `IDX_QRTZ_T_NFT_ST_MISFIRE` (`SCHED_NAME`,`MISFIRE_INSTR`,`NEXT_FIRE_TIME`,`TRIGGER_STATE`),
  KEY `IDX_QRTZ_T_NFT_ST_MISFIRE_GRP` (`SCHED_NAME`,`MISFIRE_INSTR`,`NEXT_FIRE_TIME`,`TRIGGER_GROUP`,`TRIGGER_STATE`),
  CONSTRAINT `qrtz_triggers_ibfk_1` FOREIGN KEY (`SCHED_NAME`, `JOB_NAME`, `JOB_GROUP`) REFERENCES `QRTZ_JOB_DETAILS` (`SCHED_NAME`, `JOB_NAME`, `JOB_GROUP`)
) ENGINE=InnoDB DEFAULT CHARSET=utf8;
/*!40101 SET character_set_client = @saved_cs_client */;

--
-- Dumping data for table `QRTZ_TRIGGERS`
--

LOCK TABLES `QRTZ_TRIGGERS` WRITE;
/*!40000 ALTER TABLE `QRTZ_TRIGGERS` DISABLE KEYS */;
INSERT INTO `QRTZ_TRIGGERS` VALUES ('RenrenScheduler','TASK_1','DEFAULT','TASK_1','DEFAULT',NULL,1590683400000,-1,5,'WAITING','CRON',1590285977000,0,NULL,2,_binary 'ï¿½\ï¿½\0sr\0org.quartz.JobDataMapï¿½ï¿½ï¿½è¿©ï¿½\ï¿½\0\0xr\0&org.quartz.utils.StringKeyDirtyFlagMapï¿½\ï¿½\ï¿½ï¿½\ï¿½](\0Z\0allowsTransientDataxr\0org.quartz.utils.DirtyFlagMap\ï¿½.ï¿½(v\n\ï¿½\0Z\0dirtyL\0mapt\0Ljava/util/Map;xpsr\0java.util.HashMap\ï¿½ï¿½\ï¿½`\ï¿½\0F\0\nloadFactorI\0	thresholdxp?@\0\0\0\0\0w\0\0\0\0\0\0t\0\rJOB_PARAM_KEYsr\0.io.renren.modules.job.entity.ScheduleJobEntity\0\0\0\0\0\0\0\0L\0beanNamet\0Ljava/lang/String;L\0\ncreateTimet\0Ljava/util/Date;L\0cronExpressionq\0~\0	L\0jobIdt\0Ljava/lang/Long;L\0paramsq\0~\0	L\0remarkq\0~\0	L\0statust\0Ljava/lang/Integer;xpt\0testTasksr\0java.util.Datehjï¿½KYt\0\0xpw\0\0rBï¿½xt\00 0/30 * * * ?sr\0java.lang.Long;ï¿½\ï¿½Ì#\ï¿½\0J\0valuexr\0java.lang.Numberï¿½ï¿½ï¿½ï¿½\ï¿½ï¿½\0\0xp\0\0\0\0\0\0\0t\0renrent\0å‚æ•°æµ‹è¯•sr\0java.lang.Integerâ ¤ï¿½ï¿½ï¿½8\0I\0valuexq\0~\0\0\0\0\0x\0');
/*!40000 ALTER TABLE `QRTZ_TRIGGERS` ENABLE KEYS */;
UNLOCK TABLES;

--
-- Table structure for table `schedule_job`
--

DROP TABLE IF EXISTS `schedule_job`;
/*!40101 SET @saved_cs_client     = @@character_set_client */;
/*!40101 SET character_set_client = utf8 */;
CREATE TABLE `schedule_job` (
  `job_id` bigint(20) NOT NULL AUTO_INCREMENT COMMENT 'ä»»åŠ¡id',
  `bean_name` varchar(200) DEFAULT NULL COMMENT 'spring beanåç§°',
  `params` varchar(2000) DEFAULT NULL COMMENT 'å‚æ•°',
  `cron_expression` varchar(100) DEFAULT NULL COMMENT 'cronè¡¨è¾¾å¼',
  `status` tinyint(4) DEFAULT NULL COMMENT 'ä»»åŠ¡çŠ¶æ€  0ï¼šæ­£å¸¸  1ï¼šæš‚åœ',
  `remark` varchar(255) DEFAULT NULL COMMENT 'å¤‡æ³¨',
  `create_time` datetime DEFAULT NULL COMMENT 'åˆ›å»ºæ—¶é—´',
  PRIMARY KEY (`job_id`)
) ENGINE=InnoDB AUTO_INCREMENT=2 DEFAULT CHARSET=utf8mb4 COMMENT='å®šæ—¶ä»»åŠ¡';
/*!40101 SET character_set_client = @saved_cs_client */;

--
-- Dumping data for table `schedule_job`
--

LOCK TABLES `schedule_job` WRITE;
/*!40000 ALTER TABLE `schedule_job` DISABLE KEYS */;
INSERT INTO `schedule_job` VALUES (1,'testTask','renren','0 0/30 * * * ?',0,'å‚æ•°æµ‹è¯•','2020-05-23 23:05:15');
/*!40000 ALTER TABLE `schedule_job` ENABLE KEYS */;
UNLOCK TABLES;

--
-- Table structure for table `schedule_job_log`
--

DROP TABLE IF EXISTS `schedule_job_log`;
/*!40101 SET @saved_cs_client     = @@character_set_client */;
/*!40101 SET character_set_client = utf8 */;
CREATE TABLE `schedule_job_log` (
  `log_id` bigint(20) NOT NULL AUTO_INCREMENT COMMENT 'ä»»åŠ¡æ—¥å¿—id',
  `job_id` bigint(20) NOT NULL COMMENT 'ä»»åŠ¡id',
  `bean_name` varchar(200) DEFAULT NULL COMMENT 'spring beanåç§°',
  `params` varchar(2000) DEFAULT NULL COMMENT 'å‚æ•°',
  `status` tinyint(4) NOT NULL COMMENT 'ä»»åŠ¡çŠ¶æ€    0ï¼šæˆåŠŸ    1ï¼šå¤±è´¥',
  `error` varchar(2000) DEFAULT NULL COMMENT 'å¤±è´¥ä¿¡æ¯',
  `times` int(11) NOT NULL COMMENT 'è€—æ—¶(å•ä½ï¼šæ¯«ç§’)',
  `create_time` datetime DEFAULT NULL COMMENT 'åˆ›å»ºæ—¶é—´',
  PRIMARY KEY (`log_id`),
  KEY `job_id` (`job_id`)
) ENGINE=InnoDB DEFAULT CHARSET=utf8mb4 COMMENT='å®šæ—¶ä»»åŠ¡æ—¥å¿—';
/*!40101 SET character_set_client = @saved_cs_client */;

--
-- Dumping data for table `schedule_job_log`
--

LOCK TABLES `schedule_job_log` WRITE;
/*!40000 ALTER TABLE `schedule_job_log` DISABLE KEYS */;
/*!40000 ALTER TABLE `schedule_job_log` ENABLE KEYS */;
UNLOCK TABLES;

--
-- Table structure for table `sys_captcha`
--

DROP TABLE IF EXISTS `sys_captcha`;
/*!40101 SET @saved_cs_client     = @@character_set_client */;
/*!40101 SET character_set_client = utf8 */;
CREATE TABLE `sys_captcha` (
  `uuid` char(36) NOT NULL COMMENT 'uuid',
  `code` varchar(6) NOT NULL COMMENT 'éªŒè¯ç ',
  `expire_time` datetime DEFAULT NULL COMMENT 'è¿‡æœŸæ—¶é—´',
  PRIMARY KEY (`uuid`)
) ENGINE=InnoDB DEFAULT CHARSET=utf8mb4 COMMENT='ç³»ç»ŸéªŒè¯ç ';
/*!40101 SET character_set_client = @saved_cs_client */;

--
-- Dumping data for table `sys_captcha`
--

LOCK TABLES `sys_captcha` WRITE;
/*!40000 ALTER TABLE `sys_captcha` DISABLE KEYS */;
/*!40000 ALTER TABLE `sys_captcha` ENABLE KEYS */;
UNLOCK TABLES;

--
-- Table structure for table `sys_config`
--

DROP TABLE IF EXISTS `sys_config`;
/*!40101 SET @saved_cs_client     = @@character_set_client */;
/*!40101 SET character_set_client = utf8 */;
CREATE TABLE `sys_config` (
  `id` bigint(20) NOT NULL AUTO_INCREMENT,
  `param_key` varchar(50) DEFAULT NULL COMMENT 'key',
  `param_value` varchar(2000) DEFAULT NULL COMMENT 'value',
  `status` tinyint(4) DEFAULT '1' COMMENT 'çŠ¶æ€   0ï¼šéšè—   1ï¼šæ˜¾ç¤º',
  `remark` varchar(500) DEFAULT NULL COMMENT 'å¤‡æ³¨',
  PRIMARY KEY (`id`),
  UNIQUE KEY `param_key` (`param_key`)
) ENGINE=InnoDB AUTO_INCREMENT=2 DEFAULT CHARSET=utf8mb4 COMMENT='ç³»ç»Ÿé…ç½®ä¿¡æ¯è¡¨';
/*!40101 SET character_set_client = @saved_cs_client */;

--
-- Dumping data for table `sys_config`
--

LOCK TABLES `sys_config` WRITE;
/*!40000 ALTER TABLE `sys_config` DISABLE KEYS */;
INSERT INTO `sys_config` VALUES (1,'CLOUD_STORAGE_CONFIG_KEY','{\"aliyunAccessKeyId\":\"\",\"aliyunAccessKeySecret\":\"\",\"aliyunBucketName\":\"\",\"aliyunDomain\":\"\",\"aliyunEndPoint\":\"\",\"aliyunPrefix\":\"\",\"qcloudBucketName\":\"\",\"qcloudDomain\":\"\",\"qcloudPrefix\":\"\",\"qcloudSecretId\":\"\",\"qcloudSecretKey\":\"\",\"qiniuAccessKey\":\"NrgMfABZxWLo5B-YYSjoE8-AZ1EISdi1Z3ubLOeZ\",\"qiniuBucketName\":\"ios-app\",\"qiniuDomain\":\"http://7xqbwh.dl1.z0.glb.clouddn.com\",\"qiniuPrefix\":\"upload\",\"qiniuSecretKey\":\"uIwJHevMRWU0VLxFvgy0tAcOdGqasdtVlJkdy6vV\",\"type\":1}',0,'äº‘å­˜å‚¨é…ç½®ä¿¡æ¯');
/*!40000 ALTER TABLE `sys_config` ENABLE KEYS */;
UNLOCK TABLES;

--
-- Table structure for table `sys_log`
--

DROP TABLE IF EXISTS `sys_log`;
/*!40101 SET @saved_cs_client     = @@character_set_client */;
/*!40101 SET character_set_client = utf8 */;
CREATE TABLE `sys_log` (
  `id` bigint(20) NOT NULL AUTO_INCREMENT,
  `username` varchar(50) DEFAULT NULL COMMENT 'ç”¨æˆ·å',
  `operation` varchar(50) DEFAULT NULL COMMENT 'ç”¨æˆ·æ“ä½œ',
  `method` varchar(200) DEFAULT NULL COMMENT 'è¯·æ±‚æ–¹æ³•',
  `params` varchar(5000) DEFAULT NULL COMMENT 'è¯·æ±‚å‚æ•°',
  `time` bigint(20) NOT NULL COMMENT 'æ‰§è¡Œæ—¶é•¿(æ¯«ç§’)',
  `ip` varchar(64) DEFAULT NULL COMMENT 'IPåœ°å€',
  `create_date` datetime DEFAULT NULL COMMENT 'åˆ›å»ºæ—¶é—´',
  PRIMARY KEY (`id`)
) ENGINE=InnoDB DEFAULT CHARSET=utf8mb4 COMMENT='ç³»ç»Ÿæ—¥å¿—';
/*!40101 SET character_set_client = @saved_cs_client */;

--
-- Dumping data for table `sys_log`
--

LOCK TABLES `sys_log` WRITE;
/*!40000 ALTER TABLE `sys_log` DISABLE KEYS */;
/*!40000 ALTER TABLE `sys_log` ENABLE KEYS */;
UNLOCK TABLES;

--
-- Table structure for table `sys_menu`
--

DROP TABLE IF EXISTS `sys_menu`;
/*!40101 SET @saved_cs_client     = @@character_set_client */;
/*!40101 SET character_set_client = utf8 */;
CREATE TABLE `sys_menu` (
  `menu_id` bigint(20) NOT NULL AUTO_INCREMENT,
  `parent_id` bigint(20) DEFAULT NULL COMMENT 'çˆ¶èœå•IDï¼Œä¸€çº§èœå•ä¸º0',
  `name` varchar(50) DEFAULT NULL COMMENT 'èœå•åç§°',
  `url` varchar(200) DEFAULT NULL COMMENT 'èœå•URL',
  `perms` varchar(500) DEFAULT NULL COMMENT 'æˆæƒ(å¤šä¸ªç”¨é€—å·åˆ†éš”ï¼Œå¦‚ï¼šuser:list,user:create)',
  `type` int(11) DEFAULT NULL COMMENT 'ç±»å‹   0ï¼šç›®å½•   1ï¼šèœå•   2ï¼šæŒ‰é’®',
  `icon` varchar(50) DEFAULT NULL COMMENT 'èœå•å›¾æ ‡',
  `order_num` int(11) DEFAULT NULL COMMENT 'æ’åº',
  PRIMARY KEY (`menu_id`)
) ENGINE=InnoDB AUTO_INCREMENT=76 DEFAULT CHARSET=utf8mb4 COMMENT='èœå•ç®¡ç†';
/*!40101 SET character_set_client = @saved_cs_client */;

--
-- Dumping data for table `sys_menu`
--

LOCK TABLES `sys_menu` WRITE;
/*!40000 ALTER TABLE `sys_menu` DISABLE KEYS */;
INSERT INTO `sys_menu` VALUES (1,0,'ç³»ç»Ÿç®¡ç†',NULL,NULL,0,'system',0),(2,1,'ç®¡ç†å‘˜åˆ—è¡¨','sys/user',NULL,1,'admin',1),(3,1,'è§’è‰²ç®¡ç†','sys/role',NULL,1,'role',2),(4,1,'èœå•ç®¡ç†','sys/menu',NULL,1,'menu',3),(5,1,'SQLç›‘æ§','http://localhost:8080/renren-fast/druid/sql.html',NULL,1,'sql',4),(6,1,'å®šæ—¶ä»»åŠ¡','job/schedule',NULL,1,'job',5),(7,6,'æŸ¥çœ‹',NULL,'sys:schedule:list,sys:schedule:info',2,NULL,0),(8,6,'æ–°å¢',NULL,'sys:schedule:save',2,NULL,0),(9,6,'ä¿®æ”¹',NULL,'sys:schedule:update',2,NULL,0),(10,6,'åˆ é™¤',NULL,'sys:schedule:delete',2,NULL,0),(11,6,'æš‚åœ',NULL,'sys:schedule:pause',2,NULL,0),(12,6,'æ¢å¤',NULL,'sys:schedule:resume',2,NULL,0),(13,6,'ç«‹å³æ‰§è¡Œ',NULL,'sys:schedule:run',2,NULL,0),(14,6,'æ—¥å¿—åˆ—è¡¨',NULL,'sys:schedule:log',2,NULL,0),(15,2,'æŸ¥çœ‹',NULL,'sys:user:list,sys:user:info',2,NULL,0),(16,2,'æ–°å¢',NULL,'sys:user:save,sys:role:select',2,NULL,0),(17,2,'ä¿®æ”¹',NULL,'sys:user:update,sys:role:select',2,NULL,0),(18,2,'åˆ é™¤',NULL,'sys:user:delete',2,NULL,0),(19,3,'æŸ¥çœ‹',NULL,'sys:role:list,sys:role:info',2,NULL,0),(20,3,'æ–°å¢',NULL,'sys:role:save,sys:menu:list',2,NULL,0),(21,3,'ä¿®æ”¹',NULL,'sys:role:update,sys:menu:list',2,NULL,0),(22,3,'åˆ é™¤',NULL,'sys:role:delete',2,NULL,0),(23,4,'æŸ¥çœ‹',NULL,'sys:menu:list,sys:menu:info',2,NULL,0),(24,4,'æ–°å¢',NULL,'sys:menu:save,sys:menu:select',2,NULL,0),(25,4,'ä¿®æ”¹',NULL,'sys:menu:update,sys:menu:select',2,NULL,0),(26,4,'åˆ é™¤',NULL,'sys:menu:delete',2,NULL,0),(27,1,'å‚æ•°ç®¡ç†','sys/config','sys:config:list,sys:config:info,sys:config:save,sys:config:update,sys:config:delete',1,'config',6),(29,1,'ç³»ç»Ÿæ—¥å¿—','sys/log','sys:log:list',1,'log',7),(30,1,'æ–‡ä»¶ä¸Šä¼ ','oss/oss','sys:oss:all',1,'oss',6),(31,0,'å•†å“ç³»ç»Ÿ','','',0,'editor',0),(32,31,'åˆ†ç±»ç»´æŠ¤','product/category','',1,'menu',0),(34,31,'å“ç‰Œç®¡ç†','product/brand','',1,'editor',0),(37,31,'å¹³å°å±æ€§','','',0,'system',0),(38,37,'å±æ€§åˆ†ç»„','product/attrgroup','',1,'tubiao',0),(39,37,'è§„æ ¼å‚æ•°','product/baseattr','',1,'log',0),(40,37,'é”€å”®å±æ€§','product/saleattr','',1,'zonghe',0),(41,31,'å•†å“ç»´æŠ¤','product/spu','',0,'zonghe',0),(42,0,'ä¼˜æƒ è¥é”€','','',0,'mudedi',0),(43,0,'åº“å­˜ç³»ç»Ÿ','','',0,'shouye',0),(44,0,'è®¢å•ç³»ç»Ÿ','','',0,'config',0),(45,0,'ç”¨æˆ·ç³»ç»Ÿ','','',0,'admin',0),(46,0,'å†…å®¹ç®¡ç†','','',0,'sousuo',0),(47,42,'ä¼˜æƒ åˆ¸ç®¡ç†','coupon/coupon','',1,'zhedie',0),(48,42,'å‘æ”¾è®°å½•','coupon/history','',1,'sql',0),(49,42,'ä¸“é¢˜æ´»åŠ¨','coupon/subject','',1,'tixing',0),(50,42,'ç§’æ€æ´»åŠ¨','coupon/seckill','',1,'daohang',0),(51,42,'ç§¯åˆ†ç»´æŠ¤','coupon/bounds','',1,'geren',0),(52,42,'æ»¡å‡æŠ˜æ‰£','coupon/full','',1,'shoucang',0),(53,43,'ä»“åº“ç»´æŠ¤','ware/wareinfo','',1,'shouye',0),(54,43,'åº“å­˜å·¥ä½œå•','ware/task','',1,'log',0),(55,43,'å•†å“åº“å­˜','ware/sku','',1,'jiesuo',0),(56,44,'è®¢å•æŸ¥è¯¢','order/order','',1,'zhedie',0),(57,44,'é€€è´§å•å¤„ç†','order/return','',1,'shanchu',0),(58,44,'ç­‰çº§è§„åˆ™','order/settings','',1,'system',0),(59,44,'æ”¯ä»˜æµæ°´æŸ¥è¯¢','order/payment','',1,'job',0),(60,44,'é€€æ¬¾æµæ°´æŸ¥è¯¢','order/refund','',1,'mudedi',0),(61,45,'ä¼šå‘˜åˆ—è¡¨','member/member','',1,'geren',0),(62,45,'ä¼šå‘˜ç­‰çº§','member/level','',1,'tubiao',0),(63,45,'ç§¯åˆ†å˜åŒ–','member/growth','',1,'bianji',0),(64,45,'ç»Ÿè®¡ä¿¡æ¯','member/statistics','',1,'sql',0),(65,46,'é¦–é¡µæ¨è','content/index','',1,'shouye',0),(66,46,'åˆ†ç±»çƒ­é—¨','content/category','',1,'zhedie',0),(67,46,'è¯„è®ºç®¡ç†','content/comments','',1,'pinglun',0),(68,41,'spuç®¡ç†','product/spu','',1,'config',0),(69,41,'å‘å¸ƒå•†å“','product/spuadd','',1,'bianji',0),(70,43,'é‡‡è´­å•ç»´æŠ¤','','',0,'tubiao',0),(71,70,'é‡‡è´­éœ€æ±‚','ware/purchaseitem','',1,'editor',0),(72,70,'é‡‡è´­å•','ware/purchase','',1,'menu',0),(73,41,'å•†å“ç®¡ç†','product/manager','',1,'zonghe',0),(74,42,'ä¼šå‘˜ä»·æ ¼','coupon/memberprice','',1,'admin',0),(75,42,'æ¯æ—¥ç§’æ€','coupon/seckillsession','',1,'job',0);
/*!40000 ALTER TABLE `sys_menu` ENABLE KEYS */;
UNLOCK TABLES;

--
-- Table structure for table `sys_oss`
--

DROP TABLE IF EXISTS `sys_oss`;
/*!40101 SET @saved_cs_client     = @@character_set_client */;
/*!40101 SET character_set_client = utf8 */;
CREATE TABLE `sys_oss` (
  `id` bigint(20) NOT NULL AUTO_INCREMENT,
  `url` varchar(200) DEFAULT NULL COMMENT 'URLåœ°å€',
  `create_date` datetime DEFAULT NULL COMMENT 'åˆ›å»ºæ—¶é—´',
  PRIMARY KEY (`id`)
) ENGINE=InnoDB DEFAULT CHARSET=utf8mb4 COMMENT='æ–‡ä»¶ä¸Šä¼ ';
/*!40101 SET character_set_client = @saved_cs_client */;

--
-- Dumping data for table `sys_oss`
--

LOCK TABLES `sys_oss` WRITE;
/*!40000 ALTER TABLE `sys_oss` DISABLE KEYS */;
/*!40000 ALTER TABLE `sys_oss` ENABLE KEYS */;
UNLOCK TABLES;

--
-- Table structure for table `sys_role`
--

DROP TABLE IF EXISTS `sys_role`;
/*!40101 SET @saved_cs_client     = @@character_set_client */;
/*!40101 SET character_set_client = utf8 */;
CREATE TABLE `sys_role` (
  `role_id` bigint(20) NOT NULL AUTO_INCREMENT,
  `role_name` varchar(100) DEFAULT NULL COMMENT 'è§’è‰²åç§°',
  `remark` varchar(100) DEFAULT NULL COMMENT 'å¤‡æ³¨',
  `create_user_id` bigint(20) DEFAULT NULL COMMENT 'åˆ›å»ºè€…ID',
  `create_time` datetime DEFAULT NULL COMMENT 'åˆ›å»ºæ—¶é—´',
  PRIMARY KEY (`role_id`)
) ENGINE=InnoDB DEFAULT CHARSET=utf8mb4 COMMENT='è§’è‰²';
/*!40101 SET character_set_client = @saved_cs_client */;

--
-- Dumping data for table `sys_role`
--

LOCK TABLES `sys_role` WRITE;
/*!40000 ALTER TABLE `sys_role` DISABLE KEYS */;
/*!40000 ALTER TABLE `sys_role` ENABLE KEYS */;
UNLOCK TABLES;

--
-- Table structure for table `sys_role_menu`
--

DROP TABLE IF EXISTS `sys_role_menu`;
/*!40101 SET @saved_cs_client     = @@character_set_client */;
/*!40101 SET character_set_client = utf8 */;
CREATE TABLE `sys_role_menu` (
  `id` bigint(20) NOT NULL AUTO_INCREMENT,
  `role_id` bigint(20) DEFAULT NULL COMMENT 'è§’è‰²ID',
  `menu_id` bigint(20) DEFAULT NULL COMMENT 'èœå•ID',
  PRIMARY KEY (`id`)
) ENGINE=InnoDB DEFAULT CHARSET=utf8mb4 COMMENT='è§’è‰²ä¸èœå•å¯¹åº”å…³ç³»';
/*!40101 SET character_set_client = @saved_cs_client */;

--
-- Dumping data for table `sys_role_menu`
--

LOCK TABLES `sys_role_menu` WRITE;
/*!40000 ALTER TABLE `sys_role_menu` DISABLE KEYS */;
/*!40000 ALTER TABLE `sys_role_menu` ENABLE KEYS */;
UNLOCK TABLES;

--
-- Table structure for table `sys_user`
--

DROP TABLE IF EXISTS `sys_user`;
/*!40101 SET @saved_cs_client     = @@character_set_client */;
/*!40101 SET character_set_client = utf8 */;
CREATE TABLE `sys_user` (
  `user_id` bigint(20) NOT NULL AUTO_INCREMENT,
  `username` varchar(50) NOT NULL COMMENT 'ç”¨æˆ·å',
  `password` varchar(100) DEFAULT NULL COMMENT 'å¯†ç ',
  `salt` varchar(20) DEFAULT NULL COMMENT 'ç›',
  `email` varchar(100) DEFAULT NULL COMMENT 'é‚®ç®±',
  `mobile` varchar(100) DEFAULT NULL COMMENT 'æ‰‹æœºå·',
  `status` tinyint(4) DEFAULT NULL COMMENT 'çŠ¶æ€  0ï¼šç¦ç”¨   1ï¼šæ­£å¸¸',
  `create_user_id` bigint(20) DEFAULT NULL COMMENT 'åˆ›å»ºè€…ID',
  `create_time` datetime DEFAULT NULL COMMENT 'åˆ›å»ºæ—¶é—´',
  PRIMARY KEY (`user_id`),
  UNIQUE KEY `username` (`username`)
) ENGINE=InnoDB AUTO_INCREMENT=2 DEFAULT CHARSET=utf8mb4 COMMENT='ç³»ç»Ÿç”¨æˆ·';
/*!40101 SET character_set_client = @saved_cs_client */;

--
-- Dumping data for table `sys_user`
--

LOCK TABLES `sys_user` WRITE;
/*!40000 ALTER TABLE `sys_user` DISABLE KEYS */;
INSERT INTO `sys_user` VALUES (1,'admin','9ec9750e709431dad22365cabc5c625482e574c74adaebba7dd02f1129e4ce1d','YzcmCZNvbXocrsz9dm8e','root@renren.io','13612345678',1,1,'2016-11-11 11:11:11');
/*!40000 ALTER TABLE `sys_user` ENABLE KEYS */;
UNLOCK TABLES;

--
-- Table structure for table `sys_user_role`
--

DROP TABLE IF EXISTS `sys_user_role`;
/*!40101 SET @saved_cs_client     = @@character_set_client */;
/*!40101 SET character_set_client = utf8 */;
CREATE TABLE `sys_user_role` (
  `id` bigint(20) NOT NULL AUTO_INCREMENT,
  `user_id` bigint(20) DEFAULT NULL COMMENT 'ç”¨æˆ·ID',
  `role_id` bigint(20) DEFAULT NULL COMMENT 'è§’è‰²ID',
  PRIMARY KEY (`id`)
) ENGINE=InnoDB DEFAULT CHARSET=utf8mb4 COMMENT='ç”¨æˆ·ä¸è§’è‰²å¯¹åº”å…³ç³»';
/*!40101 SET character_set_client = @saved_cs_client */;

--
-- Dumping data for table `sys_user_role`
--

LOCK TABLES `sys_user_role` WRITE;
/*!40000 ALTER TABLE `sys_user_role` DISABLE KEYS */;
/*!40000 ALTER TABLE `sys_user_role` ENABLE KEYS */;
UNLOCK TABLES;

--
-- Table structure for table `sys_user_token`
--

DROP TABLE IF EXISTS `sys_user_token`;
/*!40101 SET @saved_cs_client     = @@character_set_client */;
/*!40101 SET character_set_client = utf8 */;
CREATE TABLE `sys_user_token` (
  `user_id` bigint(20) NOT NULL,
  `token` varchar(100) NOT NULL COMMENT 'token',
  `expire_time` datetime DEFAULT NULL COMMENT 'è¿‡æœŸæ—¶é—´',
  `update_time` datetime DEFAULT NULL COMMENT 'æ›´æ–°æ—¶é—´',
  PRIMARY KEY (`user_id`),
  UNIQUE KEY `token` (`token`)
) ENGINE=InnoDB DEFAULT CHARSET=utf8mb4 COMMENT='ç³»ç»Ÿç”¨æˆ·Token';
/*!40101 SET character_set_client = @saved_cs_client */;

--
-- Dumping data for table `sys_user_token`
--

LOCK TABLES `sys_user_token` WRITE;
/*!40000 ALTER TABLE `sys_user_token` DISABLE KEYS */;
INSERT INTO `sys_user_token` VALUES (1,'091385d42d7f86a5f7637b5b1def8f8d','2020-05-29 12:06:23','2020-05-29 00:06:23');
/*!40000 ALTER TABLE `sys_user_token` ENABLE KEYS */;
UNLOCK TABLES;

--
-- Table structure for table `tb_user`
--

DROP TABLE IF EXISTS `tb_user`;
/*!40101 SET @saved_cs_client     = @@character_set_client */;
/*!40101 SET character_set_client = utf8 */;
CREATE TABLE `tb_user` (
  `user_id` bigint(20) NOT NULL AUTO_INCREMENT,
  `username` varchar(50) NOT NULL COMMENT 'ç”¨æˆ·å',
  `mobile` varchar(20) NOT NULL COMMENT 'æ‰‹æœºå·',
  `password` varchar(64) DEFAULT NULL COMMENT 'å¯†ç ',
  `create_time` datetime DEFAULT NULL COMMENT 'åˆ›å»ºæ—¶é—´',
  PRIMARY KEY (`user_id`),
  UNIQUE KEY `username` (`username`)
) ENGINE=InnoDB AUTO_INCREMENT=2 DEFAULT CHARSET=utf8mb4 COMMENT='ç”¨æˆ·';
/*!40101 SET character_set_client = @saved_cs_client */;

--
-- Dumping data for table `tb_user`
--

LOCK TABLES `tb_user` WRITE;
/*!40000 ALTER TABLE `tb_user` DISABLE KEYS */;
INSERT INTO `tb_user` VALUES (1,'mark','13612345678','8c6976e5b5410415bde908bd4dee15dfb167a9c873fc4bb8a81f6f2ab448a918','2017-03-23 22:37:41');
/*!40000 ALTER TABLE `tb_user` ENABLE KEYS */;
UNLOCK TABLES;

--
-- Table structure for table `undo_log`
--

DROP TABLE IF EXISTS `undo_log`;
/*!40101 SET @saved_cs_client     = @@character_set_client */;
/*!40101 SET character_set_client = utf8 */;
CREATE TABLE `undo_log` (
  `id` bigint(20) NOT NULL AUTO_INCREMENT,
  `branch_id` bigint(20) NOT NULL,
  `xid` varchar(100) NOT NULL,
  `context` varchar(128) NOT NULL,
  `rollback_info` longblob NOT NULL,
  `log_status` int(11) NOT NULL,
  `log_created` datetime NOT NULL,
  `log_modified` datetime NOT NULL,
  `ext` varchar(100) DEFAULT NULL,
  PRIMARY KEY (`id`),
  UNIQUE KEY `ux_undo_log` (`xid`,`branch_id`)
) ENGINE=InnoDB DEFAULT CHARSET=utf8;
/*!40101 SET character_set_client = @saved_cs_client */;

--
-- Dumping data for table `undo_log`
--

LOCK TABLES `undo_log` WRITE;
/*!40000 ALTER TABLE `undo_log` DISABLE KEYS */;
/*!40000 ALTER TABLE `undo_log` ENABLE KEYS */;
UNLOCK TABLES;
/*!40103 SET TIME_ZONE=@OLD_TIME_ZONE */;

/*!40101 SET SQL_MODE=@OLD_SQL_MODE */;
/*!40014 SET FOREIGN_KEY_CHECKS=@OLD_FOREIGN_KEY_CHECKS */;
/*!40014 SET UNIQUE_CHECKS=@OLD_UNIQUE_CHECKS */;
/*!40101 SET CHARACTER_SET_CLIENT=@OLD_CHARACTER_SET_CLIENT */;
/*!40101 SET CHARACTER_SET_RESULTS=@OLD_CHARACTER_SET_RESULTS */;
/*!40101 SET COLLATION_CONNECTION=@OLD_COLLATION_CONNECTION */;
/*!40111 SET SQL_NOTES=@OLD_SQL_NOTES */;

-- Dump completed on 2020-05-31  9:30:16

-- MySQL dump 10.13  Distrib 5.7.29, for osx10.15 (x86_64)
--
-- Host: 127.0.0.1    Database: catmall_oms
-- ------------------------------------------------------
-- Server version	5.7.29

/*!40101 SET @OLD_CHARACTER_SET_CLIENT=@@CHARACTER_SET_CLIENT */;
/*!40101 SET @OLD_CHARACTER_SET_RESULTS=@@CHARACTER_SET_RESULTS */;
/*!40101 SET @OLD_COLLATION_CONNECTION=@@COLLATION_CONNECTION */;
/*!40101 SET NAMES utf8 */;
/*!40103 SET @OLD_TIME_ZONE=@@TIME_ZONE */;
/*!40103 SET TIME_ZONE='+00:00' */;
/*!40014 SET @OLD_UNIQUE_CHECKS=@@UNIQUE_CHECKS, UNIQUE_CHECKS=0 */;
/*!40014 SET @OLD_FOREIGN_KEY_CHECKS=@@FOREIGN_KEY_CHECKS, FOREIGN_KEY_CHECKS=0 */;
/*!40101 SET @OLD_SQL_MODE=@@SQL_MODE, SQL_MODE='NO_AUTO_VALUE_ON_ZERO' */;
/*!40111 SET @OLD_SQL_NOTES=@@SQL_NOTES, SQL_NOTES=0 */;

CREATE DATABASE /*!32312 IF NOT EXISTS*/ `catmall_oms` /*!40100 DEFAULT CHARACTER SET utf8mb4 */;

USE `catmall_oms`;

--
-- Table structure for table `oms_order`
--

DROP TABLE IF EXISTS `oms_order`;
/*!40101 SET @saved_cs_client     = @@character_set_client */;
/*!40101 SET character_set_client = utf8 */;
CREATE TABLE `oms_order` (
  `id` bigint(20) NOT NULL AUTO_INCREMENT COMMENT 'id',
  `member_id` bigint(20) DEFAULT NULL COMMENT 'member_id',
  `order_sn` char(64) DEFAULT NULL COMMENT 'è®¢å•å·',
  `coupon_id` bigint(20) DEFAULT NULL COMMENT 'ä½¿ç”¨çš„ä¼˜æƒ åˆ¸',
  `create_time` datetime DEFAULT NULL COMMENT 'create_time',
  `member_username` varchar(200) DEFAULT NULL COMMENT 'ç”¨æˆ·å',
  `total_amount` decimal(18,4) DEFAULT NULL COMMENT 'è®¢å•æ€»é¢',
  `pay_amount` decimal(18,4) DEFAULT NULL COMMENT 'åº”ä»˜æ€»é¢',
  `freight_amount` decimal(18,4) DEFAULT NULL COMMENT 'è¿è´¹é‡‘é¢',
  `promotion_amount` decimal(18,4) DEFAULT NULL COMMENT 'ä¿ƒé”€ä¼˜åŒ–é‡‘é¢ï¼ˆä¿ƒé”€ä»·ã€æ»¡å‡ã€é˜¶æ¢¯ä»·ï¼‰',
  `integration_amount` decimal(18,4) DEFAULT NULL COMMENT 'ç§¯åˆ†æŠµæ‰£é‡‘é¢',
  `coupon_amount` decimal(18,4) DEFAULT NULL COMMENT 'ä¼˜æƒ åˆ¸æŠµæ‰£é‡‘é¢',
  `discount_amount` decimal(18,4) DEFAULT NULL COMMENT 'åå°è°ƒæ•´è®¢å•ä½¿ç”¨çš„æŠ˜æ‰£é‡‘é¢',
  `pay_type` tinyint(4) DEFAULT NULL COMMENT 'æ”¯ä»˜æ–¹å¼ã€1->æ”¯ä»˜å®ï¼›2->å¾®ä¿¡ï¼›3->é“¶è”ï¼› 4->è´§åˆ°ä»˜æ¬¾ï¼›ã€‘',
  `source_type` tinyint(4) DEFAULT NULL COMMENT 'è®¢å•æ¥æº[0->PCè®¢å•ï¼›1->appè®¢å•]',
  `status` tinyint(4) DEFAULT NULL COMMENT 'è®¢å•çŠ¶æ€ã€0->å¾…ä»˜æ¬¾ï¼›1->å¾…å‘è´§ï¼›2->å·²å‘è´§ï¼›3->å·²å®Œæˆï¼›4->å·²å…³é—­ï¼›5->æ— æ•ˆè®¢å•ã€‘',
  `delivery_company` varchar(64) DEFAULT NULL COMMENT 'ç‰©æµå…¬å¸(é…é€æ–¹å¼)',
  `delivery_sn` varchar(64) DEFAULT NULL COMMENT 'ç‰©æµå•å·',
  `auto_confirm_day` int(11) DEFAULT NULL COMMENT 'è‡ªåŠ¨ç¡®è®¤æ—¶é—´ï¼ˆå¤©ï¼‰',
  `integration` int(11) DEFAULT NULL COMMENT 'å¯ä»¥è·å¾—çš„ç§¯åˆ†',
  `growth` int(11) DEFAULT NULL COMMENT 'å¯ä»¥è·å¾—çš„æˆé•¿å€¼',
  `bill_type` tinyint(4) DEFAULT NULL COMMENT 'å‘ç¥¨ç±»å‹[0->ä¸å¼€å‘ç¥¨ï¼›1->ç”µå­å‘ç¥¨ï¼›2->çº¸è´¨å‘ç¥¨]',
  `bill_header` varchar(255) DEFAULT NULL COMMENT 'å‘ç¥¨æŠ¬å¤´',
  `bill_content` varchar(255) DEFAULT NULL COMMENT 'å‘ç¥¨å†…å®¹',
  `bill_receiver_phone` varchar(32) DEFAULT NULL COMMENT 'æ”¶ç¥¨äººç”µè¯',
  `bill_receiver_email` varchar(64) DEFAULT NULL COMMENT 'æ”¶ç¥¨äººé‚®ç®±',
  `receiver_name` varchar(100) DEFAULT NULL COMMENT 'æ”¶è´§äººå§“å',
  `receiver_phone` varchar(32) DEFAULT NULL COMMENT 'æ”¶è´§äººç”µè¯',
  `receiver_post_code` varchar(32) DEFAULT NULL COMMENT 'æ”¶è´§äººé‚®ç¼–',
  `receiver_province` varchar(32) DEFAULT NULL COMMENT 'çœä»½/ç›´è¾–å¸‚',
  `receiver_city` varchar(32) DEFAULT NULL COMMENT 'åŸå¸‚',
  `receiver_region` varchar(32) DEFAULT NULL COMMENT 'åŒº',
  `receiver_detail_address` varchar(200) DEFAULT NULL COMMENT 'è¯¦ç»†åœ°å€',
  `note` varchar(500) DEFAULT NULL COMMENT 'è®¢å•å¤‡æ³¨',
  `confirm_status` tinyint(4) DEFAULT NULL COMMENT 'ç¡®è®¤æ”¶è´§çŠ¶æ€[0->æœªç¡®è®¤ï¼›1->å·²ç¡®è®¤]',
  `delete_status` tinyint(4) DEFAULT NULL COMMENT 'åˆ é™¤çŠ¶æ€ã€0->æœªåˆ é™¤ï¼›1->å·²åˆ é™¤ã€‘',
  `use_integration` int(11) DEFAULT NULL COMMENT 'ä¸‹å•æ—¶ä½¿ç”¨çš„ç§¯åˆ†',
  `payment_time` datetime DEFAULT NULL COMMENT 'æ”¯ä»˜æ—¶é—´',
  `delivery_time` datetime DEFAULT NULL COMMENT 'å‘è´§æ—¶é—´',
  `receive_time` datetime DEFAULT NULL COMMENT 'ç¡®è®¤æ”¶è´§æ—¶é—´',
  `comment_time` datetime DEFAULT NULL COMMENT 'è¯„ä»·æ—¶é—´',
  `modify_time` datetime DEFAULT NULL COMMENT 'ä¿®æ”¹æ—¶é—´',
  PRIMARY KEY (`id`)
) ENGINE=InnoDB AUTO_INCREMENT=4 DEFAULT CHARSET=utf8mb4 COMMENT='è®¢å•';
/*!40101 SET character_set_client = @saved_cs_client */;

--
-- Dumping data for table `oms_order`
--

LOCK TABLES `oms_order` WRITE;
/*!40000 ALTER TABLE `oms_order` DISABLE KEYS */;
INSERT INTO `oms_order` VALUES (1,1,'202005272253533681265657482945019905',NULL,NULL,NULL,5899.0000,5907.0000,8.0000,0.0000,0.0000,0.0000,NULL,NULL,NULL,4,NULL,NULL,7,5899,5899,NULL,NULL,NULL,NULL,NULL,'raymond','17888888888','476600','æ²³å—çœ','æ°¸åŸå¸‚','ä¸œåŸåŒº','æ²³å—çœæ°¸åŸå¸‚ä¸œåŸåŒº',NULL,NULL,0,NULL,NULL,NULL,NULL,NULL,'2020-05-27 22:53:54'),(2,1,'202005281046556091265836924673724418',NULL,NULL,NULL,5899.0000,5907.0000,8.0000,0.0000,0.0000,0.0000,NULL,NULL,NULL,4,NULL,NULL,7,5899,5899,NULL,NULL,NULL,NULL,NULL,'raymond','17888888888','476600','æ²³å—çœ','æ°¸åŸå¸‚','ä¸œåŸåŒº','æ²³å—çœæ°¸åŸå¸‚ä¸œåŸåŒº',NULL,NULL,0,NULL,NULL,NULL,NULL,NULL,'2020-05-28 10:46:56'),(3,1,'202005281048327621265837332150358018',NULL,NULL,NULL,5899.0000,5907.0000,8.0000,0.0000,0.0000,0.0000,NULL,NULL,NULL,4,NULL,NULL,7,5899,5899,NULL,NULL,NULL,NULL,NULL,'raymond','17888888888','476600','æ²³å—çœ','æ°¸åŸå¸‚','ä¸œåŸåŒº','æ²³å—çœæ°¸åŸå¸‚ä¸œåŸåŒº',NULL,NULL,0,NULL,NULL,NULL,NULL,NULL,'2020-05-28 10:48:33');
/*!40000 ALTER TABLE `oms_order` ENABLE KEYS */;
UNLOCK TABLES;

--
-- Table structure for table `oms_order_item`
--

DROP TABLE IF EXISTS `oms_order_item`;
/*!40101 SET @saved_cs_client     = @@character_set_client */;
/*!40101 SET character_set_client = utf8 */;
CREATE TABLE `oms_order_item` (
  `id` bigint(20) NOT NULL AUTO_INCREMENT COMMENT 'id',
  `order_id` bigint(20) DEFAULT NULL COMMENT 'order_id',
  `order_sn` char(64) DEFAULT NULL COMMENT 'order_sn',
  `spu_id` bigint(20) DEFAULT NULL COMMENT 'spu_id',
  `spu_name` varchar(255) DEFAULT NULL COMMENT 'spu_name',
  `spu_pic` varchar(500) DEFAULT NULL COMMENT 'spu_pic',
  `spu_brand` varchar(200) DEFAULT NULL COMMENT 'å“ç‰Œ',
  `category_id` bigint(20) DEFAULT NULL COMMENT 'å•†å“åˆ†ç±»id',
  `sku_id` bigint(20) DEFAULT NULL COMMENT 'å•†å“skuç¼–å·',
  `sku_name` varchar(255) DEFAULT NULL COMMENT 'å•†å“skuåå­—',
  `sku_pic` varchar(500) DEFAULT NULL COMMENT 'å•†å“skuå›¾ç‰‡',
  `sku_price` decimal(18,4) DEFAULT NULL COMMENT 'å•†å“skuä»·æ ¼',
  `sku_quantity` int(11) DEFAULT NULL COMMENT 'å•†å“è´­ä¹°çš„æ•°é‡',
  `sku_attrs_vals` varchar(500) DEFAULT NULL COMMENT 'å•†å“é”€å”®å±æ€§ç»„åˆï¼ˆJSONï¼‰',
  `promotion_amount` decimal(18,4) DEFAULT NULL COMMENT 'å•†å“ä¿ƒé”€åˆ†è§£é‡‘é¢',
  `coupon_amount` decimal(18,4) DEFAULT NULL COMMENT 'ä¼˜æƒ åˆ¸ä¼˜æƒ åˆ†è§£é‡‘é¢',
  `integration_amount` decimal(18,4) DEFAULT NULL COMMENT 'ç§¯åˆ†ä¼˜æƒ åˆ†è§£é‡‘é¢',
  `real_amount` decimal(18,4) DEFAULT NULL COMMENT 'è¯¥å•†å“ç»è¿‡ä¼˜æƒ åçš„åˆ†è§£é‡‘é¢',
  `gift_integration` int(11) DEFAULT NULL COMMENT 'èµ é€ç§¯åˆ†',
  `gift_growth` int(11) DEFAULT NULL COMMENT 'èµ é€æˆé•¿å€¼',
  PRIMARY KEY (`id`)
) ENGINE=InnoDB AUTO_INCREMENT=4 DEFAULT CHARSET=utf8mb4 COMMENT='è®¢å•é¡¹ä¿¡æ¯';
/*!40101 SET character_set_client = @saved_cs_client */;

--
-- Dumping data for table `oms_order_item`
--

LOCK TABLES `oms_order_item` WRITE;
/*!40000 ALTER TABLE `oms_order_item` DISABLE KEYS */;
INSERT INTO `oms_order_item` VALUES (1,NULL,'202005272253533681265657482945019905',1,'åä¸º HUAWEI Mate 30 Pro',NULL,'2',225,1,'åä¸º HUAWEI Mate 30 Pro äº®é»‘è‰² 8GB+128GB','https://catmall.oss-cn-beijing.aliyuncs.com/2020-05-24//0ce37922-d1ef-47a4-8f1c-040d7f37830f_0d40c24b264aa511.jpg',5899.0000,1,'é¢œè‰²:äº®é»‘è‰²;ç‰ˆæœ¬:8GB+128GB',0.0000,0.0000,0.0000,5899.0000,5899,5899),(2,NULL,'202005281046556091265836924673724418',1,'åä¸º HUAWEI Mate 30 Pro',NULL,'2',225,1,'åä¸º HUAWEI Mate 30 Pro äº®é»‘è‰² 8GB+128GB','https://catmall.oss-cn-beijing.aliyuncs.com/2020-05-24//0ce37922-d1ef-47a4-8f1c-040d7f37830f_0d40c24b264aa511.jpg',5899.0000,1,'é¢œè‰²:äº®é»‘è‰²;ç‰ˆæœ¬:8GB+128GB',0.0000,0.0000,0.0000,5899.0000,5899,5899),(3,NULL,'202005281048327621265837332150358018',1,'åä¸º HUAWEI Mate 30 Pro',NULL,'2',225,1,'åä¸º HUAWEI Mate 30 Pro äº®é»‘è‰² 8GB+128GB','https://catmall.oss-cn-beijing.aliyuncs.com/2020-05-24//0ce37922-d1ef-47a4-8f1c-040d7f37830f_0d40c24b264aa511.jpg',5899.0000,1,'é¢œè‰²:äº®é»‘è‰²;ç‰ˆæœ¬:8GB+128GB',0.0000,0.0000,0.0000,5899.0000,5899,5899);
/*!40000 ALTER TABLE `oms_order_item` ENABLE KEYS */;
UNLOCK TABLES;

--
-- Table structure for table `oms_order_operate_history`
--

DROP TABLE IF EXISTS `oms_order_operate_history`;
/*!40101 SET @saved_cs_client     = @@character_set_client */;
/*!40101 SET character_set_client = utf8 */;
CREATE TABLE `oms_order_operate_history` (
  `id` bigint(20) NOT NULL AUTO_INCREMENT COMMENT 'id',
  `order_id` bigint(20) DEFAULT NULL COMMENT 'è®¢å•id',
  `operate_man` varchar(100) DEFAULT NULL COMMENT 'æ“ä½œäºº[ç”¨æˆ·ï¼›ç³»ç»Ÿï¼›åå°ç®¡ç†å‘˜]',
  `create_time` datetime DEFAULT NULL COMMENT 'æ“ä½œæ—¶é—´',
  `order_status` tinyint(4) DEFAULT NULL COMMENT 'è®¢å•çŠ¶æ€ã€0->å¾…ä»˜æ¬¾ï¼›1->å¾…å‘è´§ï¼›2->å·²å‘è´§ï¼›3->å·²å®Œæˆï¼›4->å·²å…³é—­ï¼›5->æ— æ•ˆè®¢å•ã€‘',
  `note` varchar(500) DEFAULT NULL COMMENT 'å¤‡æ³¨',
  PRIMARY KEY (`id`)
) ENGINE=InnoDB DEFAULT CHARSET=utf8mb4 COMMENT='è®¢å•æ“ä½œå†å²è®°å½•';
/*!40101 SET character_set_client = @saved_cs_client */;

--
-- Dumping data for table `oms_order_operate_history`
--

LOCK TABLES `oms_order_operate_history` WRITE;
/*!40000 ALTER TABLE `oms_order_operate_history` DISABLE KEYS */;
/*!40000 ALTER TABLE `oms_order_operate_history` ENABLE KEYS */;
UNLOCK TABLES;

--
-- Table structure for table `oms_order_return_apply`
--

DROP TABLE IF EXISTS `oms_order_return_apply`;
/*!40101 SET @saved_cs_client     = @@character_set_client */;
/*!40101 SET character_set_client = utf8 */;
CREATE TABLE `oms_order_return_apply` (
  `id` bigint(20) NOT NULL AUTO_INCREMENT COMMENT 'id',
  `order_id` bigint(20) DEFAULT NULL COMMENT 'order_id',
  `sku_id` bigint(20) DEFAULT NULL COMMENT 'é€€è´§å•†å“id',
  `order_sn` char(32) DEFAULT NULL COMMENT 'è®¢å•ç¼–å·',
  `create_time` datetime DEFAULT NULL COMMENT 'ç”³è¯·æ—¶é—´',
  `member_username` varchar(64) DEFAULT NULL COMMENT 'ä¼šå‘˜ç”¨æˆ·å',
  `return_amount` decimal(18,4) DEFAULT NULL COMMENT 'é€€æ¬¾é‡‘é¢',
  `return_name` varchar(100) DEFAULT NULL COMMENT 'é€€è´§äººå§“å',
  `return_phone` varchar(20) DEFAULT NULL COMMENT 'é€€è´§äººç”µè¯',
  `status` tinyint(1) DEFAULT NULL COMMENT 'ç”³è¯·çŠ¶æ€[0->å¾…å¤„ç†ï¼›1->é€€è´§ä¸­ï¼›2->å·²å®Œæˆï¼›3->å·²æ‹’ç»]',
  `handle_time` datetime DEFAULT NULL COMMENT 'å¤„ç†æ—¶é—´',
  `sku_img` varchar(500) DEFAULT NULL COMMENT 'å•†å“å›¾ç‰‡',
  `sku_name` varchar(200) DEFAULT NULL COMMENT 'å•†å“åç§°',
  `sku_brand` varchar(200) DEFAULT NULL COMMENT 'å•†å“å“ç‰Œ',
  `sku_attrs_vals` varchar(500) DEFAULT NULL COMMENT 'å•†å“é”€å”®å±æ€§(JSON)',
  `sku_count` int(11) DEFAULT NULL COMMENT 'é€€è´§æ•°é‡',
  `sku_price` decimal(18,4) DEFAULT NULL COMMENT 'å•†å“å•ä»·',
  `sku_real_price` decimal(18,4) DEFAULT NULL COMMENT 'å•†å“å®é™…æ”¯ä»˜å•ä»·',
  `reason` varchar(200) DEFAULT NULL COMMENT 'åŸå› ',
  `descriptionè¿°` varchar(500) DEFAULT NULL COMMENT 'æè¿°',
  `desc_pics` varchar(2000) DEFAULT NULL COMMENT 'å‡­è¯å›¾ç‰‡ï¼Œä»¥é€—å·éš”å¼€',
  `handle_note` varchar(500) DEFAULT NULL COMMENT 'å¤„ç†å¤‡æ³¨',
  `handle_man` varchar(200) DEFAULT NULL COMMENT 'å¤„ç†äººå‘˜',
  `receive_man` varchar(100) DEFAULT NULL COMMENT 'æ”¶è´§äºº',
  `receive_time` datetime DEFAULT NULL COMMENT 'æ”¶è´§æ—¶é—´',
  `receive_note` varchar(500) DEFAULT NULL COMMENT 'æ”¶è´§å¤‡æ³¨',
  `receive_phone` varchar(20) DEFAULT NULL COMMENT 'æ”¶è´§ç”µè¯',
  `company_address` varchar(500) DEFAULT NULL COMMENT 'å…¬å¸æ”¶è´§åœ°å€',
  PRIMARY KEY (`id`)
) ENGINE=InnoDB DEFAULT CHARSET=utf8mb4 COMMENT='è®¢å•é€€è´§ç”³è¯·';
/*!40101 SET character_set_client = @saved_cs_client */;

--
-- Dumping data for table `oms_order_return_apply`
--

LOCK TABLES `oms_order_return_apply` WRITE;
/*!40000 ALTER TABLE `oms_order_return_apply` DISABLE KEYS */;
/*!40000 ALTER TABLE `oms_order_return_apply` ENABLE KEYS */;
UNLOCK TABLES;

--
-- Table structure for table `oms_order_return_reason`
--

DROP TABLE IF EXISTS `oms_order_return_reason`;
/*!40101 SET @saved_cs_client     = @@character_set_client */;
/*!40101 SET character_set_client = utf8 */;
CREATE TABLE `oms_order_return_reason` (
  `id` bigint(20) NOT NULL AUTO_INCREMENT COMMENT 'id',
  `name` varchar(200) DEFAULT NULL COMMENT 'é€€è´§åŸå› å',
  `sort` int(11) DEFAULT NULL COMMENT 'æ’åº',
  `status` tinyint(1) DEFAULT NULL COMMENT 'å¯ç”¨çŠ¶æ€',
  `create_time` datetime DEFAULT NULL COMMENT 'create_time',
  PRIMARY KEY (`id`)
) ENGINE=InnoDB DEFAULT CHARSET=utf8mb4 COMMENT='é€€è´§åŸå› ';
/*!40101 SET character_set_client = @saved_cs_client */;

--
-- Dumping data for table `oms_order_return_reason`
--

LOCK TABLES `oms_order_return_reason` WRITE;
/*!40000 ALTER TABLE `oms_order_return_reason` DISABLE KEYS */;
/*!40000 ALTER TABLE `oms_order_return_reason` ENABLE KEYS */;
UNLOCK TABLES;

--
-- Table structure for table `oms_order_setting`
--

DROP TABLE IF EXISTS `oms_order_setting`;
/*!40101 SET @saved_cs_client     = @@character_set_client */;
/*!40101 SET character_set_client = utf8 */;
CREATE TABLE `oms_order_setting` (
  `id` bigint(20) NOT NULL AUTO_INCREMENT COMMENT 'id',
  `flash_order_overtime` int(11) DEFAULT NULL COMMENT 'ç§’æ€è®¢å•è¶…æ—¶å…³é—­æ—¶é—´(åˆ†)',
  `normal_order_overtime` int(11) DEFAULT NULL COMMENT 'æ­£å¸¸è®¢å•è¶…æ—¶æ—¶é—´(åˆ†)',
  `confirm_overtime` int(11) DEFAULT NULL COMMENT 'å‘è´§åè‡ªåŠ¨ç¡®è®¤æ”¶è´§æ—¶é—´ï¼ˆå¤©ï¼‰',
  `finish_overtime` int(11) DEFAULT NULL COMMENT 'è‡ªåŠ¨å®Œæˆäº¤æ˜“æ—¶é—´ï¼Œä¸èƒ½ç”³è¯·é€€è´§ï¼ˆå¤©ï¼‰',
  `comment_overtime` int(11) DEFAULT NULL COMMENT 'è®¢å•å®Œæˆåè‡ªåŠ¨å¥½è¯„æ—¶é—´ï¼ˆå¤©ï¼‰',
  `member_level` tinyint(2) DEFAULT NULL COMMENT 'ä¼šå‘˜ç­‰çº§ã€0-ä¸é™ä¼šå‘˜ç­‰çº§ï¼Œå…¨éƒ¨é€šç”¨ï¼›å…¶ä»–-å¯¹åº”çš„å…¶ä»–ä¼šå‘˜ç­‰çº§ã€‘',
  PRIMARY KEY (`id`)
) ENGINE=InnoDB DEFAULT CHARSET=utf8mb4 COMMENT='è®¢å•é…ç½®ä¿¡æ¯';
/*!40101 SET character_set_client = @saved_cs_client */;

--
-- Dumping data for table `oms_order_setting`
--

LOCK TABLES `oms_order_setting` WRITE;
/*!40000 ALTER TABLE `oms_order_setting` DISABLE KEYS */;
/*!40000 ALTER TABLE `oms_order_setting` ENABLE KEYS */;
UNLOCK TABLES;

--
-- Table structure for table `oms_payment_info`
--

DROP TABLE IF EXISTS `oms_payment_info`;
/*!40101 SET @saved_cs_client     = @@character_set_client */;
/*!40101 SET character_set_client = utf8 */;
CREATE TABLE `oms_payment_info` (
  `id` bigint(20) NOT NULL AUTO_INCREMENT COMMENT 'id',
  `order_sn` char(64) DEFAULT NULL COMMENT 'è®¢å•å·ï¼ˆå¯¹å¤–ä¸šåŠ¡å·ï¼‰',
  `order_id` bigint(20) DEFAULT NULL COMMENT 'è®¢å•id',
  `alipay_trade_no` varchar(50) DEFAULT NULL COMMENT 'æ”¯ä»˜å®äº¤æ˜“æµæ°´å·',
  `total_amount` decimal(18,4) DEFAULT NULL COMMENT 'æ”¯ä»˜æ€»é‡‘é¢',
  `subject` varchar(200) DEFAULT NULL COMMENT 'äº¤æ˜“å†…å®¹',
  `payment_status` varchar(20) DEFAULT NULL COMMENT 'æ”¯ä»˜çŠ¶æ€',
  `create_time` datetime DEFAULT NULL COMMENT 'åˆ›å»ºæ—¶é—´',
  `confirm_time` datetime DEFAULT NULL COMMENT 'ç¡®è®¤æ—¶é—´',
  `callback_content` varchar(4000) DEFAULT NULL COMMENT 'å›è°ƒå†…å®¹',
  `callback_time` datetime DEFAULT NULL COMMENT 'å›è°ƒæ—¶é—´',
  PRIMARY KEY (`id`),
  UNIQUE KEY `idx_order_sn` (`order_sn`),
  UNIQUE KEY `idx_alipay_trade_no` (`alipay_trade_no`)
) ENGINE=InnoDB DEFAULT CHARSET=utf8mb4 COMMENT='æ”¯ä»˜ä¿¡æ¯è¡¨';
/*!40101 SET character_set_client = @saved_cs_client */;

--
-- Dumping data for table `oms_payment_info`
--

LOCK TABLES `oms_payment_info` WRITE;
/*!40000 ALTER TABLE `oms_payment_info` DISABLE KEYS */;
/*!40000 ALTER TABLE `oms_payment_info` ENABLE KEYS */;
UNLOCK TABLES;

--
-- Table structure for table `oms_refund_info`
--

DROP TABLE IF EXISTS `oms_refund_info`;
/*!40101 SET @saved_cs_client     = @@character_set_client */;
/*!40101 SET character_set_client = utf8 */;
CREATE TABLE `oms_refund_info` (
  `id` bigint(20) NOT NULL AUTO_INCREMENT COMMENT 'id',
  `order_return_id` bigint(20) DEFAULT NULL COMMENT 'é€€æ¬¾çš„è®¢å•',
  `refund` decimal(18,4) DEFAULT NULL COMMENT 'é€€æ¬¾é‡‘é¢',
  `refund_sn` varchar(64) DEFAULT NULL COMMENT 'é€€æ¬¾äº¤æ˜“æµæ°´å·',
  `refund_status` tinyint(1) DEFAULT NULL COMMENT 'é€€æ¬¾çŠ¶æ€',
  `refund_channel` tinyint(4) DEFAULT NULL COMMENT 'é€€æ¬¾æ¸ é“[1-æ”¯ä»˜å®ï¼Œ2-å¾®ä¿¡ï¼Œ3-é“¶è”ï¼Œ4-æ±‡æ¬¾]',
  `refund_content` varchar(5000) DEFAULT NULL,
  PRIMARY KEY (`id`)
) ENGINE=InnoDB DEFAULT CHARSET=utf8mb4 COMMENT='é€€æ¬¾ä¿¡æ¯';
/*!40101 SET character_set_client = @saved_cs_client */;

--
-- Dumping data for table `oms_refund_info`
--

LOCK TABLES `oms_refund_info` WRITE;
/*!40000 ALTER TABLE `oms_refund_info` DISABLE KEYS */;
/*!40000 ALTER TABLE `oms_refund_info` ENABLE KEYS */;
UNLOCK TABLES;

--
-- Table structure for table `undo_log`
--

DROP TABLE IF EXISTS `undo_log`;
/*!40101 SET @saved_cs_client     = @@character_set_client */;
/*!40101 SET character_set_client = utf8 */;
CREATE TABLE `undo_log` (
  `id` bigint(20) NOT NULL AUTO_INCREMENT,
  `branch_id` bigint(20) NOT NULL,
  `xid` varchar(100) NOT NULL,
  `context` varchar(128) NOT NULL,
  `rollback_info` longblob NOT NULL,
  `log_status` int(11) NOT NULL,
  `log_created` datetime NOT NULL,
  `log_modified` datetime NOT NULL,
  `ext` varchar(100) DEFAULT NULL,
  PRIMARY KEY (`id`),
  UNIQUE KEY `ux_undo_log` (`xid`,`branch_id`)
) ENGINE=InnoDB DEFAULT CHARSET=utf8;
/*!40101 SET character_set_client = @saved_cs_client */;

--
-- Dumping data for table `undo_log`
--

LOCK TABLES `undo_log` WRITE;
/*!40000 ALTER TABLE `undo_log` DISABLE KEYS */;
/*!40000 ALTER TABLE `undo_log` ENABLE KEYS */;
UNLOCK TABLES;
/*!40103 SET TIME_ZONE=@OLD_TIME_ZONE */;

/*!40101 SET SQL_MODE=@OLD_SQL_MODE */;
/*!40014 SET FOREIGN_KEY_CHECKS=@OLD_FOREIGN_KEY_CHECKS */;
/*!40014 SET UNIQUE_CHECKS=@OLD_UNIQUE_CHECKS */;
/*!40101 SET CHARACTER_SET_CLIENT=@OLD_CHARACTER_SET_CLIENT */;
/*!40101 SET CHARACTER_SET_RESULTS=@OLD_CHARACTER_SET_RESULTS */;
/*!40101 SET COLLATION_CONNECTION=@OLD_COLLATION_CONNECTION */;
/*!40111 SET SQL_NOTES=@OLD_SQL_NOTES */;

-- Dump completed on 2020-05-31  9:38:56


-- MySQL dump 10.13  Distrib 5.7.29, for osx10.15 (x86_64)
--
-- Host: 127.0.0.1    Database: catmall_pms
-- ------------------------------------------------------
-- Server version	5.7.29

/*!40101 SET @OLD_CHARACTER_SET_CLIENT=@@CHARACTER_SET_CLIENT */;
/*!40101 SET @OLD_CHARACTER_SET_RESULTS=@@CHARACTER_SET_RESULTS */;
/*!40101 SET @OLD_COLLATION_CONNECTION=@@COLLATION_CONNECTION */;
/*!40101 SET NAMES utf8 */;
/*!40103 SET @OLD_TIME_ZONE=@@TIME_ZONE */;
/*!40103 SET TIME_ZONE='+00:00' */;
/*!40014 SET @OLD_UNIQUE_CHECKS=@@UNIQUE_CHECKS, UNIQUE_CHECKS=0 */;
/*!40014 SET @OLD_FOREIGN_KEY_CHECKS=@@FOREIGN_KEY_CHECKS, FOREIGN_KEY_CHECKS=0 */;
/*!40101 SET @OLD_SQL_MODE=@@SQL_MODE, SQL_MODE='NO_AUTO_VALUE_ON_ZERO' */;
/*!40111 SET @OLD_SQL_NOTES=@@SQL_NOTES, SQL_NOTES=0 */;

CREATE DATABASE /*!32312 IF NOT EXISTS*/ `catmall_pms` /*!40100 DEFAULT CHARACTER SET utf8mb4 */;

USE `catmall_pms`;

--
-- Table structure for table `pms_attr`
--

DROP TABLE IF EXISTS `pms_attr`;
/*!40101 SET @saved_cs_client     = @@character_set_client */;
/*!40101 SET character_set_client = utf8 */;
CREATE TABLE `pms_attr` (
  `attr_id` bigint(20) NOT NULL AUTO_INCREMENT COMMENT 'å±æ€§id',
  `attr_name` char(30) DEFAULT NULL COMMENT 'å±æ€§å',
  `search_type` tinyint(4) DEFAULT NULL COMMENT 'æ˜¯å¦éœ€è¦æ£€ç´¢[0-ä¸éœ€è¦ï¼Œ1-éœ€è¦]',
  `icon` varchar(255) DEFAULT NULL COMMENT 'å±æ€§å›¾æ ‡',
  `value_select` char(255) DEFAULT NULL COMMENT 'å¯é€‰å€¼åˆ—è¡¨[ç”¨é€—å·åˆ†éš”]',
  `attr_type` tinyint(4) DEFAULT NULL COMMENT 'å±æ€§ç±»å‹[0-é”€å”®å±æ€§ï¼Œ1-åŸºæœ¬å±æ€§ï¼Œ2-æ—¢æ˜¯é”€å”®å±æ€§åˆæ˜¯åŸºæœ¬å±æ€§]',
  `value_type` tinyint(4) DEFAULT NULL,
  `enable` bigint(20) DEFAULT NULL COMMENT 'å¯ç”¨çŠ¶æ€[0 - ç¦ç”¨ï¼Œ1 - å¯ç”¨]',
  `catelog_id` bigint(20) DEFAULT NULL COMMENT 'æ‰€å±åˆ†ç±»',
  `show_desc` tinyint(4) DEFAULT NULL COMMENT 'å¿«é€Ÿå±•ç¤ºã€æ˜¯å¦å±•ç¤ºåœ¨ä»‹ç»ä¸Šï¼›0-å¦ 1-æ˜¯ã€‘ï¼Œåœ¨skuä¸­ä»ç„¶å¯ä»¥è°ƒæ•´',
  PRIMARY KEY (`attr_id`)
) ENGINE=InnoDB AUTO_INCREMENT=14 DEFAULT CHARSET=utf8mb4 COMMENT='å•†å“å±æ€§';
/*!40101 SET character_set_client = @saved_cs_client */;

--
-- Dumping data for table `pms_attr`
--

LOCK TABLES `pms_attr` WRITE;
/*!40000 ALTER TABLE `pms_attr` DISABLE KEYS */;
INSERT INTO `pms_attr` VALUES (1,'å…¥ç½‘å‹å·',1,'xx','A2220',1,0,1,225,1),(2,'äº§å“åç§°',1,'xx','iPhone 11 Pro Max',1,0,1,225,1),(3,'ä¸Šå¸‚å¹´ä»½',0,'xx','2019',1,0,1,225,1),(4,'æœºèº«é•¿åº¦ï¼ˆmmï¼‰',0,'xx','158',1,0,1,225,1),(5,'æœºèº«å®½åº¦ï¼ˆmmï¼‰',0,'xxx','77.8',1,0,1,225,1),(6,'æœºèº«é‡é‡ï¼ˆgï¼‰',0,'xxx','226',1,0,1,225,1),(7,'æœºèº«åšåº¦ï¼ˆmmï¼‰',0,'xxx','7.8',1,0,1,225,1),(8,'æœºèº«æè´¨å·¥è‰º',0,'xxx','äºšå…‰è´¨æ„Ÿç»ç’ƒ æ­é…ä¸é”ˆé’¢è®¾è®¡',1,0,1,225,1),(9,'å±å¹•åƒç´ å¯†åº¦ï¼ˆppiï¼‰',1,'xxx','448',1,0,1,225,1),(10,'å±å¹•æè´¨ç±»å‹',1,'xxx','OLED',1,1,1,225,1),(11,'ä¸»å±å¹•å°ºå¯¸ï¼ˆè‹±å¯¸ï¼‰',1,'xx','6.5',1,0,1,225,1),(12,'é¢œè‰²',0,'xxx','æš—å¤œç»¿è‰²;é‡‘è‰²;é“¶è‰²;æ·±ç©ºç°è‰²',0,1,1,225,0),(13,'ç‰ˆæœ¬',0,'xxx','64GB;256GB;512GB',0,1,1,225,0);
/*!40000 ALTER TABLE `pms_attr` ENABLE KEYS */;
UNLOCK TABLES;

--
-- Table structure for table `pms_attr_attrgroup_relation`
--

DROP TABLE IF EXISTS `pms_attr_attrgroup_relation`;
/*!40101 SET @saved_cs_client     = @@character_set_client */;
/*!40101 SET character_set_client = utf8 */;
CREATE TABLE `pms_attr_attrgroup_relation` (
  `id` bigint(20) NOT NULL AUTO_INCREMENT COMMENT 'id',
  `attr_id` bigint(20) DEFAULT NULL COMMENT 'å±æ€§id',
  `attr_group_id` bigint(20) DEFAULT NULL COMMENT 'å±æ€§åˆ†ç»„id',
  `attr_sort` int(11) DEFAULT NULL COMMENT 'å±æ€§ç»„å†…æ’åº',
  PRIMARY KEY (`id`)
) ENGINE=InnoDB AUTO_INCREMENT=12 DEFAULT CHARSET=utf8mb4 COMMENT='å±æ€§&å±æ€§åˆ†ç»„å…³è”';
/*!40101 SET character_set_client = @saved_cs_client */;

--
-- Dumping data for table `pms_attr_attrgroup_relation`
--

LOCK TABLES `pms_attr_attrgroup_relation` WRITE;
/*!40000 ALTER TABLE `pms_attr_attrgroup_relation` DISABLE KEYS */;
INSERT INTO `pms_attr_attrgroup_relation` VALUES (1,1,1,NULL),(2,2,1,NULL),(3,3,1,NULL),(4,4,2,NULL),(5,5,2,NULL),(6,6,2,NULL),(7,7,2,NULL),(8,8,2,NULL),(9,9,3,NULL),(10,10,3,NULL),(11,11,3,NULL);
/*!40000 ALTER TABLE `pms_attr_attrgroup_relation` ENABLE KEYS */;
UNLOCK TABLES;

--
-- Table structure for table `pms_attr_group`
--

DROP TABLE IF EXISTS `pms_attr_group`;
/*!40101 SET @saved_cs_client     = @@character_set_client */;
/*!40101 SET character_set_client = utf8 */;
CREATE TABLE `pms_attr_group` (
  `attr_group_id` bigint(20) NOT NULL AUTO_INCREMENT COMMENT 'åˆ†ç»„id',
  `attr_group_name` char(20) DEFAULT NULL COMMENT 'ç»„å',
  `sort` int(11) DEFAULT NULL COMMENT 'æ’åº',
  `descript` varchar(255) DEFAULT NULL COMMENT 'æè¿°',
  `icon` varchar(255) DEFAULT NULL COMMENT 'ç»„å›¾æ ‡',
  `catelog_id` bigint(20) DEFAULT NULL COMMENT 'æ‰€å±åˆ†ç±»id',
  PRIMARY KEY (`attr_group_id`)
) ENGINE=InnoDB AUTO_INCREMENT=4 DEFAULT CHARSET=utf8mb4 COMMENT='å±æ€§åˆ†ç»„';
/*!40101 SET character_set_client = @saved_cs_client */;

--
-- Dumping data for table `pms_attr_group`
--

LOCK TABLES `pms_attr_group` WRITE;
/*!40000 ALTER TABLE `pms_attr_group` DISABLE KEYS */;
INSERT INTO `pms_attr_group` VALUES (1,'ä¸»ä½“',0,'ä¸»ä½“','xx',225),(2,'åŸºæœ¬ä¿¡æ¯',1,'åŸºæœ¬ä¿¡æ¯','xx',225),(3,'å±å¹•',2,'å±å¹•','xx',225);
/*!40000 ALTER TABLE `pms_attr_group` ENABLE KEYS */;
UNLOCK TABLES;

--
-- Table structure for table `pms_brand`
--

DROP TABLE IF EXISTS `pms_brand`;
/*!40101 SET @saved_cs_client     = @@character_set_client */;
/*!40101 SET character_set_client = utf8 */;
CREATE TABLE `pms_brand` (
  `brand_id` bigint(20) NOT NULL AUTO_INCREMENT COMMENT 'å“ç‰Œid',
  `name` char(50) DEFAULT NULL COMMENT 'å“ç‰Œå',
  `logo` varchar(2000) DEFAULT NULL COMMENT 'å“ç‰Œlogoåœ°å€',
  `descript` longtext COMMENT 'ä»‹ç»',
  `show_status` tinyint(4) DEFAULT NULL COMMENT 'æ˜¾ç¤ºçŠ¶æ€[0-ä¸æ˜¾ç¤ºï¼›1-æ˜¾ç¤º]',
  `first_letter` char(1) DEFAULT NULL COMMENT 'æ£€ç´¢é¦–å­—æ¯',
  `sort` int(11) DEFAULT NULL COMMENT 'æ’åº',
  PRIMARY KEY (`brand_id`)
) ENGINE=InnoDB AUTO_INCREMENT=5 DEFAULT CHARSET=utf8mb4 COMMENT='å“ç‰Œ';
/*!40101 SET character_set_client = @saved_cs_client */;

--
-- Dumping data for table `pms_brand`
--

LOCK TABLES `pms_brand` WRITE;
/*!40000 ALTER TABLE `pms_brand` DISABLE KEYS */;
INSERT INTO `pms_brand` VALUES (1,'Apple','https://catmall.oss-cn-beijing.aliyuncs.com/2020-05-24/9114c6d0-3ac2-44bc-8981-55ebd4c0a00b_apple.png','Apple',1,'A',0),(2,'åä¸º','https://catmall.oss-cn-beijing.aliyuncs.com/2020-05-24/0f087d42-9610-4cd4-8e36-a13ee585d8a6_huawei.png','åä¸º',1,'H',0),(3,'OPPO','https://catmall.oss-cn-beijing.aliyuncs.com/2020-05-24/b4c1a529-7c67-4045-87dc-d5375c6ebb7f_oppo.png','OPPO',1,'O',0),(4,'å°ç±³','https://catmall.oss-cn-beijing.aliyuncs.com/2020-05-24/b9467a8a-a0ba-4ceb-8a4e-50d4e70bc6ad_xiaomi.png','å°ç±³',1,'X',0);
/*!40000 ALTER TABLE `pms_brand` ENABLE KEYS */;
UNLOCK TABLES;

--
-- Table structure for table `pms_category`
--

DROP TABLE IF EXISTS `pms_category`;
/*!40101 SET @saved_cs_client     = @@character_set_client */;
/*!40101 SET character_set_client = utf8 */;
CREATE TABLE `pms_category` (
  `cat_id` bigint(20) NOT NULL AUTO_INCREMENT COMMENT 'åˆ†ç±»id',
  `name` char(50) DEFAULT NULL COMMENT 'åˆ†ç±»åç§°',
  `parent_cid` bigint(20) DEFAULT NULL COMMENT 'çˆ¶åˆ†ç±»id',
  `cat_level` int(11) DEFAULT NULL COMMENT 'å±‚çº§',
  `show_status` tinyint(4) DEFAULT NULL COMMENT 'æ˜¯å¦æ˜¾ç¤º[0-ä¸æ˜¾ç¤ºï¼Œ1æ˜¾ç¤º]',
  `sort` int(11) DEFAULT NULL COMMENT 'æ’åº',
  `icon` char(255) DEFAULT NULL COMMENT 'å›¾æ ‡åœ°å€',
  `product_unit` char(50) DEFAULT NULL COMMENT 'è®¡é‡å•ä½',
  `product_count` int(11) DEFAULT NULL COMMENT 'å•†å“æ•°é‡',
  PRIMARY KEY (`cat_id`)
) ENGINE=InnoDB AUTO_INCREMENT=1433 DEFAULT CHARSET=utf8mb4 COMMENT='å•†å“ä¸‰çº§åˆ†ç±»';
/*!40101 SET character_set_client = @saved_cs_client */;

--
-- Dumping data for table `pms_category`
--

LOCK TABLES `pms_category` WRITE;
/*!40000 ALTER TABLE `pms_category` DISABLE KEYS */;
INSERT INTO `pms_category` VALUES (1,'å›¾ä¹¦ã€éŸ³åƒã€ç”µå­ä¹¦åˆŠ',0,1,1,0,NULL,NULL,0),(2,'æ‰‹æœº',0,1,1,0,NULL,NULL,0),(3,'å®¶ç”¨ç”µå™¨',0,1,1,0,NULL,NULL,0),(4,'æ•°ç ',0,1,1,0,NULL,NULL,0),(5,'å®¶å±…å®¶è£…',0,1,1,0,NULL,NULL,0),(6,'ç”µè„‘åŠå…¬',0,1,1,0,NULL,NULL,0),(7,'å¨å…·',0,1,1,0,NULL,NULL,0),(8,'ä¸ªæŠ¤åŒ–å¦†',0,1,1,0,NULL,NULL,0),(9,'æœé¥°å†…è¡£',0,1,1,0,NULL,NULL,0),(10,'é’Ÿè¡¨',0,1,1,0,NULL,NULL,0),(11,'é‹é´',0,1,1,0,NULL,NULL,0),(12,'æ¯å©´',0,1,1,0,NULL,NULL,0),(13,'ç¤¼å“ç®±åŒ…',0,1,1,0,NULL,NULL,0),(14,'é£Ÿå“é¥®æ–™ã€ä¿å¥é£Ÿå“',0,1,1,0,NULL,NULL,0),(15,'ç å®',0,1,1,0,NULL,NULL,0),(16,'æ±½è½¦ç”¨å“',0,1,1,0,NULL,NULL,0),(17,'è¿åŠ¨å¥åº·',0,1,1,0,NULL,NULL,0),(18,'ç©å…·ä¹å™¨',0,1,1,0,NULL,NULL,0),(19,'å½©ç¥¨ã€æ—…è¡Œã€å……å€¼ã€ç¥¨åŠ¡',0,1,1,0,NULL,NULL,0),(20,'ç”Ÿé²œ',0,1,1,0,NULL,NULL,0),(21,'æ•´è½¦',0,1,1,0,NULL,NULL,0),(22,'ç”µå­ä¹¦åˆŠ',1,2,1,0,NULL,NULL,0),(23,'éŸ³åƒ',1,2,1,0,NULL,NULL,0),(24,'è‹±æ–‡åŸç‰ˆ',1,2,1,0,NULL,NULL,0),(25,'æ–‡è‰º',1,2,1,0,NULL,NULL,0),(26,'å°‘å„¿',1,2,1,0,NULL,NULL,0),(27,'äººæ–‡ç¤¾ç§‘',1,2,1,0,NULL,NULL,0),(28,'ç»ç®¡åŠ±å¿—',1,2,1,0,NULL,NULL,0),(29,'ç”Ÿæ´»',1,2,1,0,NULL,NULL,0),(30,'ç§‘æŠ€',1,2,1,0,NULL,NULL,0),(31,'æ•™è‚²',1,2,1,0,NULL,NULL,0),(32,'æ¸¯å°å›¾ä¹¦',1,2,1,0,NULL,NULL,0),(33,'å…¶ä»–',1,2,1,0,NULL,NULL,0),(34,'æ‰‹æœºé€šè®¯',2,2,1,0,NULL,NULL,0),(35,'è¿è¥å•†',2,2,1,0,NULL,NULL,0),(36,'æ‰‹æœºé…ä»¶',2,2,1,0,NULL,NULL,0),(37,'å¤§ å®¶ ç”µ',3,2,1,0,NULL,NULL,0),(38,'å¨å«å¤§ç”µ',3,2,1,0,NULL,NULL,0),(39,'å¨æˆ¿å°ç”µ',3,2,1,0,NULL,NULL,0),(40,'ç”Ÿæ´»ç”µå™¨',3,2,1,0,NULL,NULL,0),(41,'ä¸ªæŠ¤å¥åº·',3,2,1,0,NULL,NULL,0),(42,'äº”é‡‘å®¶è£…',3,2,1,0,NULL,NULL,0),(43,'æ‘„å½±æ‘„åƒ',4,2,1,0,NULL,NULL,0),(44,'æ•°ç é…ä»¶',4,2,1,0,NULL,NULL,0),(45,'æ™ºèƒ½è®¾å¤‡',4,2,1,0,NULL,NULL,0),(46,'å½±éŸ³å¨±ä¹',4,2,1,0,NULL,NULL,0),(47,'ç”µå­æ•™è‚²',4,2,1,0,NULL,NULL,0),(48,'è™šæ‹Ÿå•†å“',4,2,1,0,NULL,NULL,0),(49,'å®¶çºº',5,2,1,0,NULL,NULL,0),(50,'ç¯å…·',5,2,1,0,NULL,NULL,0),(51,'ç”Ÿæ´»æ—¥ç”¨',5,2,1,0,NULL,NULL,0),(52,'å®¶è£…è½¯é¥°',5,2,1,0,NULL,NULL,0),(53,'å® ç‰©ç”Ÿæ´»',5,2,1,0,NULL,NULL,0),(54,'ç”µè„‘æ•´æœº',6,2,1,0,NULL,NULL,0),(55,'ç”µè„‘é…ä»¶',6,2,1,0,NULL,NULL,0),(56,'å¤–è®¾äº§å“',6,2,1,0,NULL,NULL,0),(57,'æ¸¸æˆè®¾å¤‡',6,2,1,0,NULL,NULL,0),(58,'ç½‘ç»œäº§å“',6,2,1,0,NULL,NULL,0),(59,'åŠå…¬è®¾å¤‡',6,2,1,0,NULL,NULL,0),(60,'æ–‡å…·/è€—æ',6,2,1,0,NULL,NULL,0),(61,'æœåŠ¡äº§å“',6,2,1,0,NULL,NULL,0),(62,'çƒ¹é¥ªé”…å…·',7,2,1,0,NULL,NULL,0),(63,'åˆ€å‰ªèœæ¿',7,2,1,0,NULL,NULL,0),(64,'å¨æˆ¿é…ä»¶',7,2,1,0,NULL,NULL,0),(65,'æ°´å…·é…’å…·',7,2,1,0,NULL,NULL,0),(66,'é¤å…·',7,2,1,0,NULL,NULL,0),(67,'é…’åº—ç”¨å“',7,2,1,0,NULL,NULL,0),(68,'èŒ¶å…·/å’–å•¡å…·',7,2,1,0,NULL,NULL,0),(69,'æ¸…æ´ç”¨å“',8,2,1,0,NULL,NULL,0),(70,'é¢éƒ¨æŠ¤è‚¤',8,2,1,0,NULL,NULL,0),(71,'èº«ä½“æŠ¤ç†',8,2,1,0,NULL,NULL,0),(72,'å£è…”æŠ¤ç†',8,2,1,0,NULL,NULL,0),(73,'å¥³æ€§æŠ¤ç†',8,2,1,0,NULL,NULL,0),(74,'æ´—å‘æŠ¤å‘',8,2,1,0,NULL,NULL,0),(75,'é¦™æ°´å½©å¦†',8,2,1,0,NULL,NULL,0),(76,'å¥³è£…',9,2,1,0,NULL,NULL,0),(77,'ç”·è£…',9,2,1,0,NULL,NULL,0),(78,'å†…è¡£',9,2,1,0,NULL,NULL,0),(79,'æ´—è¡£æœåŠ¡',9,2,1,0,NULL,NULL,0),(80,'æœé¥°é…ä»¶',9,2,1,0,NULL,NULL,0),(81,'é’Ÿè¡¨',10,2,1,0,NULL,NULL,0),(82,'æµè¡Œç”·é‹',11,2,1,0,NULL,NULL,0),(83,'æ—¶å°šå¥³é‹',11,2,1,0,NULL,NULL,0),(84,'å¥¶ç²‰',12,2,1,0,NULL,NULL,0),(85,'è¥å…»è¾…é£Ÿ',12,2,1,0,NULL,NULL,0),(86,'å°¿è£¤æ¹¿å·¾',12,2,1,0,NULL,NULL,0),(87,'å–‚å…»ç”¨å“',12,2,1,0,NULL,NULL,0),(88,'æ´—æŠ¤ç”¨å“',12,2,1,0,NULL,NULL,0),(89,'ç«¥è½¦ç«¥åºŠ',12,2,1,0,NULL,NULL,0),(90,'å¯å±…æœé¥°',12,2,1,0,NULL,NULL,0),(91,'å¦ˆå¦ˆä¸“åŒº',12,2,1,0,NULL,NULL,0),(92,'ç«¥è£…ç«¥é‹',12,2,1,0,NULL,NULL,0),(93,'å®‰å…¨åº§æ¤…',12,2,1,0,NULL,NULL,0),(94,'æ½®æµå¥³åŒ…',13,2,1,0,NULL,NULL,0),(95,'ç²¾å“ç”·åŒ…',13,2,1,0,NULL,NULL,0),(96,'åŠŸèƒ½ç®±åŒ…',13,2,1,0,NULL,NULL,0),(97,'ç¤¼å“',13,2,1,0,NULL,NULL,0),(98,'å¥¢ä¾ˆå“',13,2,1,0,NULL,NULL,0),(99,'å©šåº†',13,2,1,0,NULL,NULL,0),(100,'è¿›å£é£Ÿå“',14,2,1,0,NULL,NULL,0),(101,'åœ°æ–¹ç‰¹äº§',14,2,1,0,NULL,NULL,0),(102,'ä¼‘é—²é£Ÿå“',14,2,1,0,NULL,NULL,0),(103,'ç²®æ²¹è°ƒå‘³',14,2,1,0,NULL,NULL,0),(104,'é¥®æ–™å†²è°ƒ',14,2,1,0,NULL,NULL,0),(105,'é£Ÿå“ç¤¼åˆ¸',14,2,1,0,NULL,NULL,0),(106,'èŒ—èŒ¶',14,2,1,0,NULL,NULL,0),(107,'æ—¶å°šé¥°å“',15,2,1,0,NULL,NULL,0),(108,'é»„é‡‘',15,2,1,0,NULL,NULL,0),(109,'Ké‡‘é¥°å“',15,2,1,0,NULL,NULL,0),(110,'é‡‘é“¶æŠ•èµ„',15,2,1,0,NULL,NULL,0),(111,'é“¶é¥°',15,2,1,0,NULL,NULL,0),(112,'é’»çŸ³',15,2,1,0,NULL,NULL,0),(113,'ç¿¡ç¿ ç‰çŸ³',15,2,1,0,NULL,NULL,0),(114,'æ°´æ™¶ç›ç‘™',15,2,1,0,NULL,NULL,0),(115,'å½©å®',15,2,1,0,NULL,NULL,0),(116,'é“‚é‡‘',15,2,1,0,NULL,NULL,0),(117,'æœ¨æ‰‹ä¸²/æŠŠä»¶',15,2,1,0,NULL,NULL,0),(118,'çç ',15,2,1,0,NULL,NULL,0),(119,'ç»´ä¿®ä¿å…»',16,2,1,0,NULL,NULL,0),(120,'è½¦è½½ç”µå™¨',16,2,1,0,NULL,NULL,0),(121,'ç¾å®¹æ¸…æ´—',16,2,1,0,NULL,NULL,0),(122,'æ±½è½¦è£…é¥°',16,2,1,0,NULL,NULL,0),(123,'å®‰å…¨è‡ªé©¾',16,2,1,0,NULL,NULL,0),(124,'æ±½è½¦æœåŠ¡',16,2,1,0,NULL,NULL,0),(125,'èµ›äº‹æ”¹è£…',16,2,1,0,NULL,NULL,0),(126,'è¿åŠ¨é‹åŒ…',17,2,1,0,NULL,NULL,0),(127,'è¿åŠ¨æœé¥°',17,2,1,0,NULL,NULL,0),(128,'éª‘è¡Œè¿åŠ¨',17,2,1,0,NULL,NULL,0),(129,'å‚é’“ç”¨å“',17,2,1,0,NULL,NULL,0),(130,'æ¸¸æ³³ç”¨å“',17,2,1,0,NULL,NULL,0),(131,'æˆ·å¤–é‹æœ',17,2,1,0,NULL,NULL,0),(132,'æˆ·å¤–è£…å¤‡',17,2,1,0,NULL,NULL,0),(133,'å¥èº«è®­ç»ƒ',17,2,1,0,NULL,NULL,0),(134,'ä½“è‚²ç”¨å“',17,2,1,0,NULL,NULL,0),(135,'é€‚ç”¨å¹´é¾„',18,2,1,0,NULL,NULL,0),(136,'é¥æ§/ç”µåŠ¨',18,2,1,0,NULL,NULL,0),(137,'æ¯›ç»’å¸ƒè‰º',18,2,1,0,NULL,NULL,0),(138,'å¨ƒå¨ƒç©å…·',18,2,1,0,NULL,NULL,0),(139,'æ¨¡å‹ç©å…·',18,2,1,0,NULL,NULL,0),(140,'å¥èº«ç©å…·',18,2,1,0,NULL,NULL,0),(141,'åŠ¨æ¼«ç©å…·',18,2,1,0,NULL,NULL,0),(142,'ç›Šæ™ºç©å…·',18,2,1,0,NULL,NULL,0),(143,'ç§¯æœ¨æ‹¼æ’',18,2,1,0,NULL,NULL,0),(144,'DIYç©å…·',18,2,1,0,NULL,NULL,0),(145,'åˆ›æ„å‡å‹',18,2,1,0,NULL,NULL,0),(146,'ä¹å™¨',18,2,1,0,NULL,NULL,0),(147,'å½©ç¥¨',19,2,1,0,NULL,NULL,0),(148,'æœºç¥¨',19,2,1,0,NULL,NULL,0),(149,'é…’åº—',19,2,1,0,NULL,NULL,0),(150,'æ—…è¡Œ',19,2,1,0,NULL,NULL,0),(151,'å……å€¼',19,2,1,0,NULL,NULL,0),(152,'æ¸¸æˆ',19,2,1,0,NULL,NULL,0),(153,'ç¥¨åŠ¡',19,2,1,0,NULL,NULL,0),(154,'äº§åœ°ç›´ä¾›',20,2,1,0,NULL,NULL,0),(155,'æ°´æœ',20,2,1,0,NULL,NULL,0),(156,'çŒªç‰›ç¾Šè‚‰',20,2,1,0,NULL,NULL,0),(157,'æµ·é²œæ°´äº§',20,2,1,0,NULL,NULL,0),(158,'ç¦½è‚‰è›‹å“',20,2,1,0,NULL,NULL,0),(159,'å†·å†»é£Ÿå“',20,2,1,0,NULL,NULL,0),(160,'ç†Ÿé£Ÿè…Šå‘³',20,2,1,0,NULL,NULL,0),(161,'é¥®å“ç”œå“',20,2,1,0,NULL,NULL,0),(162,'è”¬èœ',20,2,1,0,NULL,NULL,0),(163,'å…¨æ–°æ•´è½¦',21,2,1,0,NULL,NULL,0),(164,'äºŒæ‰‹è½¦',21,2,1,0,NULL,NULL,0),(165,'ç”µå­ä¹¦',22,3,1,0,NULL,NULL,0),(166,'ç½‘ç»œåŸåˆ›',22,3,1,0,NULL,NULL,0),(167,'æ•°å­—æ‚å¿—',22,3,1,0,NULL,NULL,0),(168,'å¤šåª’ä½“å›¾ä¹¦',22,3,1,0,NULL,NULL,0),(169,'éŸ³ä¹',23,3,1,0,NULL,NULL,0),(170,'å½±è§†',23,3,1,0,NULL,NULL,0),(171,'æ•™è‚²éŸ³åƒ',23,3,1,0,NULL,NULL,0),(172,'å°‘å„¿',24,3,1,0,NULL,NULL,0),(173,'å•†åŠ¡æŠ•èµ„',24,3,1,0,NULL,NULL,0),(174,'è‹±è¯­å­¦ä¹ ä¸è€ƒè¯•',24,3,1,0,NULL,NULL,0),(175,'æ–‡å­¦',24,3,1,0,NULL,NULL,0),(176,'ä¼ è®°',24,3,1,0,NULL,NULL,0),(177,'åŠ±å¿—',24,3,1,0,NULL,NULL,0),(178,'å°è¯´',25,3,1,0,NULL,NULL,0),(179,'æ–‡å­¦',25,3,1,0,NULL,NULL,0),(180,'é’æ˜¥æ–‡å­¦',25,3,1,0,NULL,NULL,0),(181,'ä¼ è®°',25,3,1,0,NULL,NULL,0),(182,'è‰ºæœ¯',25,3,1,0,NULL,NULL,0),(183,'å°‘å„¿',26,3,1,0,NULL,NULL,0),(184,'0-2å²',26,3,1,0,NULL,NULL,0),(185,'3-6å²',26,3,1,0,NULL,NULL,0),(186,'7-10å²',26,3,1,0,NULL,NULL,0),(187,'11-14å²',26,3,1,0,NULL,NULL,0),(188,'å†å²',27,3,1,0,NULL,NULL,0),(189,'å“²å­¦',27,3,1,0,NULL,NULL,0),(190,'å›½å­¦',27,3,1,0,NULL,NULL,0),(191,'æ”¿æ²»/å†›äº‹',27,3,1,0,NULL,NULL,0),(192,'æ³•å¾‹',27,3,1,0,NULL,NULL,0),(193,'äººæ–‡ç¤¾ç§‘',27,3,1,0,NULL,NULL,0),(194,'å¿ƒç†å­¦',27,3,1,0,NULL,NULL,0),(195,'æ–‡åŒ–',27,3,1,0,NULL,NULL,0),(196,'ç¤¾ä¼šç§‘å­¦',27,3,1,0,NULL,NULL,0),(197,'ç»æµ',28,3,1,0,NULL,NULL,0),(198,'é‡‘èä¸æŠ•èµ„',28,3,1,0,NULL,NULL,0),(199,'ç®¡ç†',28,3,1,0,NULL,NULL,0),(200,'åŠ±å¿—ä¸æˆåŠŸ',28,3,1,0,NULL,NULL,0),(201,'ç”Ÿæ´»',29,3,1,0,NULL,NULL,0),(202,'å¥èº«ä¸ä¿å¥',29,3,1,0,NULL,NULL,0),(203,'å®¶åº­ä¸è‚²å„¿',29,3,1,0,NULL,NULL,0),(204,'æ—…æ¸¸',29,3,1,0,NULL,NULL,0),(205,'çƒ¹é¥ªç¾é£Ÿ',29,3,1,0,NULL,NULL,0),(206,'å·¥ä¸šæŠ€æœ¯',30,3,1,0,NULL,NULL,0),(207,'ç§‘æ™®è¯»ç‰©',30,3,1,0,NULL,NULL,0),(208,'å»ºç­‘',30,3,1,0,NULL,NULL,0),(209,'åŒ»å­¦',30,3,1,0,NULL,NULL,0),(210,'ç§‘å­¦ä¸è‡ªç„¶',30,3,1,0,NULL,NULL,0),(211,'è®¡ç®—æœºä¸äº’è”ç½‘',30,3,1,0,NULL,NULL,0),(212,'ç”µå­é€šä¿¡',30,3,1,0,NULL,NULL,0),(213,'ä¸­å°å­¦æ•™è¾…',31,3,1,0,NULL,NULL,0),(214,'æ•™è‚²ä¸è€ƒè¯•',31,3,1,0,NULL,NULL,0),(215,'å¤–è¯­å­¦ä¹ ',31,3,1,0,NULL,NULL,0),(216,'å¤§ä¸­ä¸“æ•™æ',31,3,1,0,NULL,NULL,0),(217,'å­—å…¸è¯å…¸',31,3,1,0,NULL,NULL,0),(218,'è‰ºæœ¯/è®¾è®¡/æ”¶è—',32,3,1,0,NULL,NULL,0),(219,'ç»æµç®¡ç†',32,3,1,0,NULL,NULL,0),(220,'æ–‡åŒ–/å­¦æœ¯',32,3,1,0,NULL,NULL,0),(221,'å°‘å„¿',32,3,1,0,NULL,NULL,0),(222,'å·¥å…·ä¹¦',33,3,1,0,NULL,NULL,0),(223,'æ‚å¿—/æœŸåˆŠ',33,3,1,0,NULL,NULL,0),(224,'å¥—è£…ä¹¦',33,3,1,0,NULL,NULL,0),(225,'æ‰‹æœº',34,3,1,0,NULL,NULL,0),(226,'å¯¹è®²æœº',34,3,1,0,NULL,NULL,0),(227,'åˆçº¦æœº',35,3,1,0,NULL,NULL,0),(228,'é€‰å·ä¸­å¿ƒ',35,3,1,0,NULL,NULL,0),(229,'è£…å®½å¸¦',35,3,1,0,NULL,NULL,0),(230,'åŠå¥—é¤',35,3,1,0,NULL,NULL,0),(231,'ç§»åŠ¨ç”µæº',36,3,1,0,NULL,NULL,0),(232,'ç”µæ± /ç§»åŠ¨ç”µæº',36,3,1,0,NULL,NULL,0),(233,'è“ç‰™è€³æœº',36,3,1,0,NULL,NULL,0),(234,'å……ç”µå™¨/æ•°æ®çº¿',36,3,1,0,NULL,NULL,0),(235,'è‹¹æœå‘¨è¾¹',36,3,1,0,NULL,NULL,0),(236,'æ‰‹æœºè€³æœº',36,3,1,0,NULL,NULL,0),(237,'æ‰‹æœºè´´è†œ',36,3,1,0,NULL,NULL,0),(238,'æ‰‹æœºå­˜å‚¨å¡',36,3,1,0,NULL,NULL,0),(239,'å……ç”µå™¨',36,3,1,0,NULL,NULL,0),(240,'æ•°æ®çº¿',36,3,1,0,NULL,NULL,0),(241,'æ‰‹æœºä¿æŠ¤å¥—',36,3,1,0,NULL,NULL,0),(242,'è½¦è½½é…ä»¶',36,3,1,0,NULL,NULL,0),(243,'iPhone é…ä»¶',36,3,1,0,NULL,NULL,0),(244,'æ‰‹æœºç”µæ± ',36,3,1,0,NULL,NULL,0),(245,'åˆ›æ„é…ä»¶',36,3,1,0,NULL,NULL,0),(246,'ä¾¿æº/æ— çº¿éŸ³å“',36,3,1,0,NULL,NULL,0),(247,'æ‰‹æœºé¥°å“',36,3,1,0,NULL,NULL,0),(248,'æ‹ç…§é…ä»¶',36,3,1,0,NULL,NULL,0),(249,'æ‰‹æœºæ”¯æ¶',36,3,1,0,NULL,NULL,0),(250,'å¹³æ¿ç”µè§†',37,3,1,0,NULL,NULL,0),(251,'ç©ºè°ƒ',37,3,1,0,NULL,NULL,0),(252,'å†°ç®±',37,3,1,0,NULL,NULL,0),(253,'æ´—è¡£æœº',37,3,1,0,NULL,NULL,0),(254,'å®¶åº­å½±é™¢',37,3,1,0,NULL,NULL,0),(255,'DVD/ç”µè§†ç›’å­',37,3,1,0,NULL,NULL,0),(256,'è¿·ä½ éŸ³å“',37,3,1,0,NULL,NULL,0),(257,'å†·æŸœ/å†°å§',37,3,1,0,NULL,NULL,0),(258,'å®¶ç”µé…ä»¶',37,3,1,0,NULL,NULL,0),(259,'åŠŸæ”¾',37,3,1,0,NULL,NULL,0),(260,'å›éŸ³å£/Soundbar',37,3,1,0,NULL,NULL,0),(261,'Hi-Fiä¸“åŒº',37,3,1,0,NULL,NULL,0),(262,'ç”µè§†ç›’å­',37,3,1,0,NULL,NULL,0),(263,'é…’æŸœ',37,3,1,0,NULL,NULL,0),(264,'ç‡ƒæ°”ç¶',38,3,1,0,NULL,NULL,0),(265,'æ²¹çƒŸæœº',38,3,1,0,NULL,NULL,0),(266,'çƒ­æ°´å™¨',38,3,1,0,NULL,NULL,0),(267,'æ¶ˆæ¯’æŸœ',38,3,1,0,NULL,NULL,0),(268,'æ´—ç¢—æœº',38,3,1,0,NULL,NULL,0),(269,'æ–™ç†æœº',39,3,1,0,NULL,NULL,0),(270,'æ¦¨æ±æœº',39,3,1,0,NULL,NULL,0),(271,'ç”µé¥­ç…²',39,3,1,0,NULL,NULL,0),(272,'ç”µå‹åŠ›é”…',39,3,1,0,NULL,NULL,0),(273,'è±†æµ†æœº',39,3,1,0,NULL,NULL,0),(274,'å’–å•¡æœº',39,3,1,0,NULL,NULL,0),(275,'å¾®æ³¢ç‚‰',39,3,1,0,NULL,NULL,0),(276,'ç”µçƒ¤ç®±',39,3,1,0,NULL,NULL,0),(277,'ç”µç£ç‚‰',39,3,1,0,NULL,NULL,0),(278,'é¢åŒ…æœº',39,3,1,0,NULL,NULL,0),(279,'ç…®è›‹å™¨',39,3,1,0,NULL,NULL,0),(280,'é…¸å¥¶æœº',39,3,1,0,NULL,NULL,0),(281,'ç”µç‚–é”…',39,3,1,0,NULL,NULL,0),(282,'ç”µæ°´å£¶/çƒ­æ°´ç“¶',39,3,1,0,NULL,NULL,0),(283,'ç”µé¥¼é“›',39,3,1,0,NULL,NULL,0),(284,'å¤šç”¨é€”é”…',39,3,1,0,NULL,NULL,0),(285,'ç”µçƒ§çƒ¤ç‚‰',39,3,1,0,NULL,NULL,0),(286,'æœè”¬è§£æ¯’æœº',39,3,1,0,NULL,NULL,0),(287,'å…¶å®ƒå¨æˆ¿ç”µå™¨',39,3,1,0,NULL,NULL,0),(288,'å…»ç”Ÿå£¶/ç…è¯å£¶',39,3,1,0,NULL,NULL,0),(289,'ç”µçƒ­é¥­ç›’',39,3,1,0,NULL,NULL,0),(290,'å–æš–ç”µå™¨',40,3,1,0,NULL,NULL,0),(291,'å‡€åŒ–å™¨',40,3,1,0,NULL,NULL,0),(292,'åŠ æ¹¿å™¨',40,3,1,0,NULL,NULL,0),(293,'æ‰«åœ°æœºå™¨äºº',40,3,1,0,NULL,NULL,0),(294,'å¸å°˜å™¨',40,3,1,0,NULL,NULL,0),(295,'æŒ‚çƒ«æœº/ç†¨æ–—',40,3,1,0,NULL,NULL,0),(296,'æ’åº§',40,3,1,0,NULL,NULL,0),(297,'ç”µè¯æœº',40,3,1,0,NULL,NULL,0),(298,'æ¸…æ´æœº',40,3,1,0,NULL,NULL,0),(299,'é™¤æ¹¿æœº',40,3,1,0,NULL,NULL,0),(300,'å¹²è¡£æœº',40,3,1,0,NULL,NULL,0),(301,'æ”¶å½•/éŸ³æœº',40,3,1,0,NULL,NULL,0),(302,'ç”µé£æ‰‡',40,3,1,0,NULL,NULL,0),(303,'å†·é£æ‰‡',40,3,1,0,NULL,NULL,0),(304,'å…¶å®ƒç”Ÿæ´»ç”µå™¨',40,3,1,0,NULL,NULL,0),(305,'ç”Ÿæ´»ç”µå™¨é…ä»¶',40,3,1,0,NULL,NULL,0),(306,'å‡€æ°´å™¨',40,3,1,0,NULL,NULL,0),(307,'é¥®æ°´æœº',40,3,1,0,NULL,NULL,0),(308,'å‰ƒé¡»åˆ€',41,3,1,0,NULL,NULL,0),(309,'å‰ƒ/è„±æ¯›å™¨',41,3,1,0,NULL,NULL,0),(310,'å£è…”æŠ¤ç†',41,3,1,0,NULL,NULL,0),(311,'ç”µå¹é£',41,3,1,0,NULL,NULL,0),(312,'ç¾å®¹å™¨',41,3,1,0,NULL,NULL,0),(313,'ç†å‘å™¨',41,3,1,0,NULL,NULL,0),(314,'å·/ç›´å‘å™¨',41,3,1,0,NULL,NULL,0),(315,'æŒ‰æ‘©æ¤…',41,3,1,0,NULL,NULL,0),(316,'æŒ‰æ‘©å™¨',41,3,1,0,NULL,NULL,0),(317,'è¶³æµ´ç›†',41,3,1,0,NULL,NULL,0),(318,'è¡€å‹è®¡',41,3,1,0,NULL,NULL,0),(319,'ç”µå­ç§¤/å¨æˆ¿ç§¤',41,3,1,0,NULL,NULL,0),(320,'è¡€ç³–ä»ª',41,3,1,0,NULL,NULL,0),(321,'ä½“æ¸©è®¡',41,3,1,0,NULL,NULL,0),(322,'å…¶å®ƒå¥åº·ç”µå™¨',41,3,1,0,NULL,NULL,0),(323,'è®¡æ­¥å™¨/è„‚è‚ªæ£€æµ‹ä»ª',41,3,1,0,NULL,NULL,0),(324,'ç”µåŠ¨å·¥å…·',42,3,1,0,NULL,NULL,0),(325,'æ‰‹åŠ¨å·¥å…·',42,3,1,0,NULL,NULL,0),(326,'ä»ªå™¨ä»ªè¡¨',42,3,1,0,NULL,NULL,0),(327,'æµ´éœ¸/æ’æ°”æ‰‡',42,3,1,0,NULL,NULL,0),(328,'ç¯å…·',42,3,1,0,NULL,NULL,0),(329,'LEDç¯',42,3,1,0,NULL,NULL,0),(330,'æ´èº«å™¨',42,3,1,0,NULL,NULL,0),(331,'æ°´æ§½',42,3,1,0,NULL,NULL,0),(332,'é¾™å¤´',42,3,1,0,NULL,NULL,0),(333,'æ·‹æµ´èŠ±æ´’',42,3,1,0,NULL,NULL,0),(334,'å¨å«äº”é‡‘',42,3,1,0,NULL,NULL,0),(335,'å®¶å…·äº”é‡‘',42,3,1,0,NULL,NULL,0),(336,'é—¨é“ƒ',42,3,1,0,NULL,NULL,0),(337,'ç”µæ°”å¼€å…³',42,3,1,0,NULL,NULL,0),(338,'æ’åº§',42,3,1,0,NULL,NULL,0),(339,'ç”µå·¥ç”µæ–™',42,3,1,0,NULL,NULL,0),(340,'ç›‘æ§å®‰é˜²',42,3,1,0,NULL,NULL,0),(341,'ç”µçº¿/çº¿ç¼†',42,3,1,0,NULL,NULL,0),(342,'æ•°ç ç›¸æœº',43,3,1,0,NULL,NULL,0),(343,'å•ç”µ/å¾®å•ç›¸æœº',43,3,1,0,NULL,NULL,0),(344,'å•åç›¸æœº',43,3,1,0,NULL,NULL,0),(345,'æ‘„åƒæœº',43,3,1,0,NULL,NULL,0),(346,'æ‹ç«‹å¾—',43,3,1,0,NULL,NULL,0),(347,'è¿åŠ¨ç›¸æœº',43,3,1,0,NULL,NULL,0),(348,'é•œå¤´',43,3,1,0,NULL,NULL,0),(349,'æˆ·å¤–å™¨æ',43,3,1,0,NULL,NULL,0),(350,'å½±æ£šå™¨æ',43,3,1,0,NULL,NULL,0),(351,'å†²å°æœåŠ¡',43,3,1,0,NULL,NULL,0),(352,'æ•°ç ç›¸æ¡†',43,3,1,0,NULL,NULL,0),(353,'å­˜å‚¨å¡',44,3,1,0,NULL,NULL,0),(354,'è¯»å¡å™¨',44,3,1,0,NULL,NULL,0),(355,'æ»¤é•œ',44,3,1,0,NULL,NULL,0),(356,'é—ªå…‰ç¯/æ‰‹æŸ„',44,3,1,0,NULL,NULL,0),(357,'ç›¸æœºåŒ…',44,3,1,0,NULL,NULL,0),(358,'ä¸‰è„šæ¶/äº‘å°',44,3,1,0,NULL,NULL,0),(359,'ç›¸æœºæ¸…æ´/è´´è†œ',44,3,1,0,NULL,NULL,0),(360,'æœºèº«é™„ä»¶',44,3,1,0,NULL,NULL,0),(361,'é•œå¤´é™„ä»¶',44,3,1,0,NULL,NULL,0),(362,'ç”µæ± /å……ç”µå™¨',44,3,1,0,NULL,NULL,0),(363,'ç§»åŠ¨ç”µæº',44,3,1,0,NULL,NULL,0),(364,'æ•°ç æ”¯æ¶',44,3,1,0,NULL,NULL,0),(365,'æ™ºèƒ½æ‰‹ç¯',45,3,1,0,NULL,NULL,0),(366,'æ™ºèƒ½æ‰‹è¡¨',45,3,1,0,NULL,NULL,0),(367,'æ™ºèƒ½çœ¼é•œ',45,3,1,0,NULL,NULL,0),(368,'è¿åŠ¨è·Ÿè¸ªå™¨',45,3,1,0,NULL,NULL,0),(369,'å¥åº·ç›‘æµ‹',45,3,1,0,NULL,NULL,0),(370,'æ™ºèƒ½é…é¥°',45,3,1,0,NULL,NULL,0),(371,'æ™ºèƒ½å®¶å±…',45,3,1,0,NULL,NULL,0),(372,'ä½“æ„Ÿè½¦',45,3,1,0,NULL,NULL,0),(373,'å…¶ä»–é…ä»¶',45,3,1,0,NULL,NULL,0),(374,'æ™ºèƒ½æœºå™¨äºº',45,3,1,0,NULL,NULL,0),(375,'æ— äººæœº',45,3,1,0,NULL,NULL,0),(376,'MP3/MP4',46,3,1,0,NULL,NULL,0),(377,'æ™ºèƒ½è®¾å¤‡',46,3,1,0,NULL,NULL,0),(378,'è€³æœº/è€³éº¦',46,3,1,0,NULL,NULL,0),(379,'ä¾¿æº/æ— çº¿éŸ³ç®±',46,3,1,0,NULL,NULL,0),(380,'éŸ³ç®±/éŸ³å“',46,3,1,0,NULL,NULL,0),(381,'é«˜æ¸…æ’­æ”¾å™¨',46,3,1,0,NULL,NULL,0),(382,'æ”¶éŸ³æœº',46,3,1,0,NULL,NULL,0),(383,'MP3/MP4é…ä»¶',46,3,1,0,NULL,NULL,0),(384,'éº¦å…‹é£',46,3,1,0,NULL,NULL,0),(385,'ä¸“ä¸šéŸ³é¢‘',46,3,1,0,NULL,NULL,0),(386,'è‹¹æœé…ä»¶',46,3,1,0,NULL,NULL,0),(387,'å­¦ç”Ÿå¹³æ¿',47,3,1,0,NULL,NULL,0),(388,'ç‚¹è¯»æœº/ç¬”',47,3,1,0,NULL,NULL,0),(389,'æ—©æ•™ç›Šæ™º',47,3,1,0,NULL,NULL,0),(390,'å½•éŸ³ç¬”',47,3,1,0,NULL,NULL,0),(391,'ç”µçº¸ä¹¦',47,3,1,0,NULL,NULL,0),(392,'ç”µå­è¯å…¸',47,3,1,0,NULL,NULL,0),(393,'å¤è¯»æœº',47,3,1,0,NULL,NULL,0),(394,'å»¶ä¿æœåŠ¡',48,3,1,0,NULL,NULL,0),(395,'æ€æ¯’è½¯ä»¶',48,3,1,0,NULL,NULL,0),(396,'ç§¯åˆ†å•†å“',48,3,1,0,NULL,NULL,0),(397,'æ¡Œå¸ƒ/ç½©ä»¶',49,3,1,0,NULL,NULL,0),(398,'åœ°æ¯¯åœ°å«',49,3,1,0,NULL,NULL,0),(399,'æ²™å‘å«å¥—/æ¤…å«',49,3,1,0,NULL,NULL,0),(400,'åºŠå“å¥—ä»¶',49,3,1,0,NULL,NULL,0),(401,'è¢«å­',49,3,1,0,NULL,NULL,0),(402,'æ•èŠ¯',49,3,1,0,NULL,NULL,0),(403,'åºŠå•è¢«ç½©',49,3,1,0,NULL,NULL,0),(404,'æ¯¯å­',49,3,1,0,NULL,NULL,0),(405,'åºŠå«/åºŠè¤¥',49,3,1,0,NULL,NULL,0),(406,'èšŠå¸',49,3,1,0,NULL,NULL,0),(407,'æŠ±æ•é å«',49,3,1,0,NULL,NULL,0),(408,'æ¯›å·¾æµ´å·¾',49,3,1,0,NULL,NULL,0),(409,'ç”µçƒ­æ¯¯',49,3,1,0,NULL,NULL,0),(410,'çª—å¸˜/çª—çº±',49,3,1,0,NULL,NULL,0),(411,'å¸ƒè‰ºè½¯é¥°',49,3,1,0,NULL,NULL,0),(412,'å‡‰å¸­',49,3,1,0,NULL,NULL,0),(413,'å°ç¯',50,3,1,0,NULL,NULL,0),(414,'èŠ‚èƒ½ç¯',50,3,1,0,NULL,NULL,0),(415,'è£…é¥°ç¯',50,3,1,0,NULL,NULL,0),(416,'è½åœ°ç¯',50,3,1,0,NULL,NULL,0),(417,'åº”æ€¥ç¯/æ‰‹ç”µ',50,3,1,0,NULL,NULL,0),(418,'LEDç¯',50,3,1,0,NULL,NULL,0),(419,'å¸é¡¶ç¯',50,3,1,0,NULL,NULL,0),(420,'äº”é‡‘ç”µå™¨',50,3,1,0,NULL,NULL,0),(421,'ç­’ç¯å°„ç¯',50,3,1,0,NULL,NULL,0),(422,'åŠç¯',50,3,1,0,NULL,NULL,0),(423,'æ°›å›´ç…§æ˜',50,3,1,0,NULL,NULL,0),(424,'ä¿æš–é˜²æŠ¤',51,3,1,0,NULL,NULL,0),(425,'æ”¶çº³ç”¨å“',51,3,1,0,NULL,NULL,0),(426,'é›¨ä¼é›¨å…·',51,3,1,0,NULL,NULL,0),(427,'æµ´å®¤ç”¨å“',51,3,1,0,NULL,NULL,0),(428,'ç¼çº«/é’ˆç»‡ç”¨å“',51,3,1,0,NULL,NULL,0),(429,'æ´—æ™’/ç†¨çƒ«',51,3,1,0,NULL,NULL,0),(430,'å‡€åŒ–é™¤å‘³',51,3,1,0,NULL,NULL,0),(431,'ç›¸æ¡†/ç…§ç‰‡å¢™',52,3,1,0,NULL,NULL,0),(432,'è£…é¥°å­—ç”»',52,3,1,0,NULL,NULL,0),(433,'èŠ‚åº†é¥°å“',52,3,1,0,NULL,NULL,0),(434,'æ‰‹å·¥/åå­—ç»£',52,3,1,0,NULL,NULL,0),(435,'è£…é¥°æ‘†ä»¶',52,3,1,0,NULL,NULL,0),(436,'å¸˜è‰ºéš”æ–­',52,3,1,0,NULL,NULL,0),(437,'å¢™è´´/è£…é¥°è´´',52,3,1,0,NULL,NULL,0),(438,'é’Ÿé¥°',52,3,1,0,NULL,NULL,0),(439,'èŠ±ç“¶èŠ±è‰º',52,3,1,0,NULL,NULL,0),(440,'é¦™è–°èœ¡çƒ›',52,3,1,0,NULL,NULL,0),(441,'åˆ›æ„å®¶å±…',52,3,1,0,NULL,NULL,0),(442,'å® ç‰©ä¸»ç²®',53,3,1,0,NULL,NULL,0),(443,'å® ç‰©é›¶é£Ÿ',53,3,1,0,NULL,NULL,0),(444,'åŒ»ç–—ä¿å¥',53,3,1,0,NULL,NULL,0),(445,'å®¶å±…æ—¥ç”¨',53,3,1,0,NULL,NULL,0),(446,'å® ç‰©ç©å…·',53,3,1,0,NULL,NULL,0),(447,'å‡ºè¡Œè£…å¤‡',53,3,1,0,NULL,NULL,0),(448,'æ´—æŠ¤ç¾å®¹',53,3,1,0,NULL,NULL,0),(449,'ç¬”è®°æœ¬',54,3,1,0,NULL,NULL,0),(450,'è¶…ææœ¬',54,3,1,0,NULL,NULL,0),(451,'æ¸¸æˆæœ¬',54,3,1,0,NULL,NULL,0),(452,'å¹³æ¿ç”µè„‘',54,3,1,0,NULL,NULL,0),(453,'å¹³æ¿ç”µè„‘é…ä»¶',54,3,1,0,NULL,NULL,0),(454,'å°å¼æœº',54,3,1,0,NULL,NULL,0),(455,'æœåŠ¡å™¨/å·¥ä½œç«™',54,3,1,0,NULL,NULL,0),(456,'ç¬”è®°æœ¬é…ä»¶',54,3,1,0,NULL,NULL,0),(457,'ä¸€ä½“æœº',54,3,1,0,NULL,NULL,0),(458,'CPU',55,3,1,0,NULL,NULL,0),(459,'ä¸»æ¿',55,3,1,0,NULL,NULL,0),(460,'æ˜¾å¡',55,3,1,0,NULL,NULL,0),(461,'ç¡¬ç›˜',55,3,1,0,NULL,NULL,0),(462,'SSDå›ºæ€ç¡¬ç›˜',55,3,1,0,NULL,NULL,0),(463,'å†…å­˜',55,3,1,0,NULL,NULL,0),(464,'æœºç®±',55,3,1,0,NULL,NULL,0),(465,'ç”µæº',55,3,1,0,NULL,NULL,0),(466,'æ˜¾ç¤ºå™¨',55,3,1,0,NULL,NULL,0),(467,'åˆ»å½•æœº/å…‰é©±',55,3,1,0,NULL,NULL,0),(468,'æ•£çƒ­å™¨',55,3,1,0,NULL,NULL,0),(469,'å£°å¡/æ‰©å±•å¡',55,3,1,0,NULL,NULL,0),(470,'è£…æœºé…ä»¶',55,3,1,0,NULL,NULL,0),(471,'ç»„è£…ç”µè„‘',55,3,1,0,NULL,NULL,0),(472,'ç§»åŠ¨ç¡¬ç›˜',56,3,1,0,NULL,NULL,0),(473,'Uç›˜',56,3,1,0,NULL,NULL,0),(474,'é¼ æ ‡',56,3,1,0,NULL,NULL,0),(475,'é”®ç›˜',56,3,1,0,NULL,NULL,0),(476,'é¼ æ ‡å«',56,3,1,0,NULL,NULL,0),(477,'æ‘„åƒå¤´',56,3,1,0,NULL,NULL,0),(478,'æ‰‹å†™æ¿',56,3,1,0,NULL,NULL,0),(479,'ç¡¬ç›˜ç›’',56,3,1,0,NULL,NULL,0),(480,'æ’åº§',56,3,1,0,NULL,NULL,0),(481,'çº¿ç¼†',56,3,1,0,NULL,NULL,0),(482,'UPSç”µæº',56,3,1,0,NULL,NULL,0),(483,'ç”µè„‘å·¥å…·',56,3,1,0,NULL,NULL,0),(484,'æ¸¸æˆè®¾å¤‡',56,3,1,0,NULL,NULL,0),(485,'ç”µç©',56,3,1,0,NULL,NULL,0),(486,'ç”µè„‘æ¸…æ´',56,3,1,0,NULL,NULL,0),(487,'ç½‘ç»œä»ªè¡¨ä»ªå™¨',56,3,1,0,NULL,NULL,0),(488,'æ¸¸æˆæœº',57,3,1,0,NULL,NULL,0),(489,'æ¸¸æˆè€³æœº',57,3,1,0,NULL,NULL,0),(490,'æ‰‹æŸ„/æ–¹å‘ç›˜',57,3,1,0,NULL,NULL,0),(491,'æ¸¸æˆè½¯ä»¶',57,3,1,0,NULL,NULL,0),(492,'æ¸¸æˆå‘¨è¾¹',57,3,1,0,NULL,NULL,0),(493,'è·¯ç”±å™¨',58,3,1,0,NULL,NULL,0),(494,'ç½‘å¡',58,3,1,0,NULL,NULL,0),(495,'äº¤æ¢æœº',58,3,1,0,NULL,NULL,0),(496,'ç½‘ç»œå­˜å‚¨',58,3,1,0,NULL,NULL,0),(497,'4G/3Gä¸Šç½‘',58,3,1,0,NULL,NULL,0),(498,'ç½‘ç»œç›’å­',58,3,1,0,NULL,NULL,0),(499,'ç½‘ç»œé…ä»¶',58,3,1,0,NULL,NULL,0),(500,'æŠ•å½±æœº',59,3,1,0,NULL,NULL,0),(501,'æŠ•å½±é…ä»¶',59,3,1,0,NULL,NULL,0),(502,'å¤šåŠŸèƒ½ä¸€ä½“æœº',59,3,1,0,NULL,NULL,0),(503,'æ‰“å°æœº',59,3,1,0,NULL,NULL,0),(504,'ä¼ çœŸè®¾å¤‡',59,3,1,0,NULL,NULL,0),(505,'éªŒé’/ç‚¹é’æœº',59,3,1,0,NULL,NULL,0),(506,'æ‰«æè®¾å¤‡',59,3,1,0,NULL,NULL,0),(507,'å¤åˆæœº',59,3,1,0,NULL,NULL,0),(508,'ç¢çº¸æœº',59,3,1,0,NULL,NULL,0),(509,'è€ƒå‹¤æœº',59,3,1,0,NULL,NULL,0),(510,'æ”¶æ¬¾/POSæœº',59,3,1,0,NULL,NULL,0),(511,'ä¼šè®®éŸ³é¢‘è§†é¢‘',59,3,1,0,NULL,NULL,0),(512,'ä¿é™©æŸœ',59,3,1,0,NULL,NULL,0),(513,'è£…è®¢/å°è£…æœº',59,3,1,0,NULL,NULL,0),(514,'å®‰é˜²ç›‘æ§',59,3,1,0,NULL,NULL,0),(515,'åŠå…¬å®¶å…·',59,3,1,0,NULL,NULL,0),(516,'ç™½æ¿',59,3,1,0,NULL,NULL,0),(517,'ç¡’é¼“/å¢¨ç²‰',60,3,1,0,NULL,NULL,0),(518,'å¢¨ç›’',60,3,1,0,NULL,NULL,0),(519,'è‰²å¸¦',60,3,1,0,NULL,NULL,0),(520,'çº¸ç±»',60,3,1,0,NULL,NULL,0),(521,'åŠå…¬æ–‡å…·',60,3,1,0,NULL,NULL,0),(522,'å­¦ç”Ÿæ–‡å…·',60,3,1,0,NULL,NULL,0),(523,'è´¢ä¼šç”¨å“',60,3,1,0,NULL,NULL,0),(524,'æ–‡ä»¶ç®¡ç†',60,3,1,0,NULL,NULL,0),(525,'æœ¬å†Œ/ä¾¿ç­¾',60,3,1,0,NULL,NULL,0),(526,'è®¡ç®—å™¨',60,3,1,0,NULL,NULL,0),(527,'ç¬”ç±»',60,3,1,0,NULL,NULL,0),(528,'ç”»å…·ç”»æ',60,3,1,0,NULL,NULL,0),(529,'åˆ»å½•ç¢Ÿç‰‡/é™„ä»¶',60,3,1,0,NULL,NULL,0),(530,'ä¸Šé—¨å®‰è£…',61,3,1,0,NULL,NULL,0),(531,'å»¶ä¿æœåŠ¡',61,3,1,0,NULL,NULL,0),(532,'ç»´ä¿®ä¿å…»',61,3,1,0,NULL,NULL,0),(533,'ç”µè„‘è½¯ä»¶',61,3,1,0,NULL,NULL,0),(534,'äº¬ä¸œæœåŠ¡',61,3,1,0,NULL,NULL,0),(535,'ç‚’é”…',62,3,1,0,NULL,NULL,0),(536,'ç…é”…',62,3,1,0,NULL,NULL,0),(537,'å‹åŠ›é”…',62,3,1,0,NULL,NULL,0),(538,'è’¸é”…',62,3,1,0,NULL,NULL,0),(539,'æ±¤é”…',62,3,1,0,NULL,NULL,0),(540,'å¥¶é”…',62,3,1,0,NULL,NULL,0),(541,'é”…å…·å¥—è£…',62,3,1,0,NULL,NULL,0),(542,'ç…²ç±»',62,3,1,0,NULL,NULL,0),(543,'æ°´å£¶',62,3,1,0,NULL,NULL,0),(544,'ç«é”…',62,3,1,0,NULL,NULL,0),(545,'èœåˆ€',63,3,1,0,NULL,NULL,0),(546,'å‰ªåˆ€',63,3,1,0,NULL,NULL,0),(547,'åˆ€å…·å¥—è£…',63,3,1,0,NULL,NULL,0),(548,'ç §æ¿',63,3,1,0,NULL,NULL,0),(549,'ç“œæœåˆ€/åˆ¨',63,3,1,0,NULL,NULL,0),(550,'å¤šåŠŸèƒ½åˆ€',63,3,1,0,NULL,NULL,0),(551,'ä¿é²œç›’',64,3,1,0,NULL,NULL,0),(552,'çƒ˜ç„™/çƒ§çƒ¤',64,3,1,0,NULL,NULL,0),(553,'é¥­ç›’/æé”…',64,3,1,0,NULL,NULL,0),(554,'å‚¨ç‰©/ç½®ç‰©æ¶',64,3,1,0,NULL,NULL,0),(555,'å¨æˆ¿DIY/å°å·¥å…·',64,3,1,0,NULL,NULL,0),(556,'å¡‘æ–™æ¯',65,3,1,0,NULL,NULL,0),(557,'è¿åŠ¨æ°´å£¶',65,3,1,0,NULL,NULL,0),(558,'ç»ç’ƒæ¯',65,3,1,0,NULL,NULL,0),(559,'é™¶ç“·/é©¬å…‹æ¯',65,3,1,0,NULL,NULL,0),(560,'ä¿æ¸©æ¯',65,3,1,0,NULL,NULL,0),(561,'ä¿æ¸©å£¶',65,3,1,0,NULL,NULL,0),(562,'é…’æ¯/é…’å…·',65,3,1,0,NULL,NULL,0),(563,'æ¯å…·å¥—è£…',65,3,1,0,NULL,NULL,0),(564,'é¤å…·å¥—è£…',66,3,1,0,NULL,NULL,0),(565,'ç¢—/ç¢Ÿ/ç›˜',66,3,1,0,NULL,NULL,0),(566,'ç­·å‹º/åˆ€å‰',66,3,1,0,NULL,NULL,0),(567,'ä¸€æ¬¡æ€§ç”¨å“',66,3,1,0,NULL,NULL,0),(568,'æœç›˜/æœç¯®',66,3,1,0,NULL,NULL,0),(569,'è‡ªåŠ©é¤ç‚‰',67,3,1,0,NULL,NULL,0),(570,'é…’åº—é¤å…·',67,3,1,0,NULL,NULL,0),(571,'é…’åº—æ°´å…·',67,3,1,0,NULL,NULL,0),(572,'æ•´å¥—èŒ¶å…·',68,3,1,0,NULL,NULL,0),(573,'èŒ¶æ¯',68,3,1,0,NULL,NULL,0),(574,'èŒ¶å£¶',68,3,1,0,NULL,NULL,0),(575,'èŒ¶ç›˜èŒ¶æ‰˜',68,3,1,0,NULL,NULL,0),(576,'èŒ¶å¶ç½',68,3,1,0,NULL,NULL,0),(577,'èŒ¶å…·é…ä»¶',68,3,1,0,NULL,NULL,0),(578,'èŒ¶å® æ‘†ä»¶',68,3,1,0,NULL,NULL,0),(579,'å’–å•¡å…·',68,3,1,0,NULL,NULL,0),(580,'å…¶ä»–',68,3,1,0,NULL,NULL,0),(581,'çº¸å“æ¹¿å·¾',69,3,1,0,NULL,NULL,0),(582,'è¡£ç‰©æ¸…æ´',69,3,1,0,NULL,NULL,0),(583,'æ¸…æ´å·¥å…·',69,3,1,0,NULL,NULL,0),(584,'é©±è™«ç”¨å“',69,3,1,0,NULL,NULL,0),(585,'å®¶åº­æ¸…æ´',69,3,1,0,NULL,NULL,0),(586,'çš®å…·æŠ¤ç†',69,3,1,0,NULL,NULL,0),(587,'ä¸€æ¬¡æ€§ç”¨å“',69,3,1,0,NULL,NULL,0),(588,'æ´é¢',70,3,1,0,NULL,NULL,0),(589,'ä¹³æ¶²é¢éœœ',70,3,1,0,NULL,NULL,0),(590,'é¢è†œ',70,3,1,0,NULL,NULL,0),(591,'å‰ƒé¡»',70,3,1,0,NULL,NULL,0),(592,'å¥—è£…',70,3,1,0,NULL,NULL,0),(593,'ç²¾å',70,3,1,0,NULL,NULL,0),(594,'çœ¼éœœ',70,3,1,0,NULL,NULL,0),(595,'å¸å¦†',70,3,1,0,NULL,NULL,0),(596,'é˜²æ™’',70,3,1,0,NULL,NULL,0),(597,'é˜²æ™’éš”ç¦»',70,3,1,0,NULL,NULL,0),(598,'TåŒºæŠ¤ç†',70,3,1,0,NULL,NULL,0),(599,'çœ¼éƒ¨æŠ¤ç†',70,3,1,0,NULL,NULL,0),(600,'ç²¾åéœ²',70,3,1,0,NULL,NULL,0),(601,'çˆ½è‚¤æ°´',70,3,1,0,NULL,NULL,0),(602,'æ²æµ´',71,3,1,0,NULL,NULL,0),(603,'æ¶¦è‚¤',71,3,1,0,NULL,NULL,0),(604,'é¢ˆéƒ¨',71,3,1,0,NULL,NULL,0),(605,'æ‰‹è¶³',71,3,1,0,NULL,NULL,0),(606,'çº¤ä½“å¡‘å½¢',71,3,1,0,NULL,NULL,0),(607,'ç¾èƒ¸',71,3,1,0,NULL,NULL,0),(608,'å¥—è£…',71,3,1,0,NULL,NULL,0),(609,'ç²¾æ²¹',71,3,1,0,NULL,NULL,0),(610,'æ´—å‘æŠ¤å‘',71,3,1,0,NULL,NULL,0),(611,'æŸ“å‘/é€ å‹',71,3,1,0,NULL,NULL,0),(612,'é¦™è–°ç²¾æ²¹',71,3,1,0,NULL,NULL,0),(613,'ç£¨ç ‚/æµ´ç›',71,3,1,0,NULL,NULL,0),(614,'æ‰‹å·¥/é¦™çš‚',71,3,1,0,NULL,NULL,0),(615,'æ´—å‘',71,3,1,0,NULL,NULL,0),(616,'æŠ¤å‘',71,3,1,0,NULL,NULL,0),(617,'æŸ“å‘',71,3,1,0,NULL,NULL,0),(618,'ç£¨ç ‚è†',71,3,1,0,NULL,NULL,0),(619,'é¦™çš‚',71,3,1,0,NULL,NULL,0),(620,'ç‰™è†/ç‰™ç²‰',72,3,1,0,NULL,NULL,0),(621,'ç‰™åˆ·/ç‰™çº¿',72,3,1,0,NULL,NULL,0),(622,'æ¼±å£æ°´',72,3,1,0,NULL,NULL,0),(623,'å¥—è£…',72,3,1,0,NULL,NULL,0),(624,'å«ç”Ÿå·¾',73,3,1,0,NULL,NULL,0),(625,'å«ç”ŸæŠ¤å«',73,3,1,0,NULL,NULL,0),(626,'ç§å¯†æŠ¤ç†',73,3,1,0,NULL,NULL,0),(627,'è„±æ¯›è†',73,3,1,0,NULL,NULL,0),(628,'å…¶ä»–',73,3,1,0,NULL,NULL,0),(629,'æ´—å‘',74,3,1,0,NULL,NULL,0),(630,'æŠ¤å‘',74,3,1,0,NULL,NULL,0),(631,'æŸ“å‘',74,3,1,0,NULL,NULL,0),(632,'é€ å‹',74,3,1,0,NULL,NULL,0),(633,'å‡å‘',74,3,1,0,NULL,NULL,0),(634,'å¥—è£…',74,3,1,0,NULL,NULL,0),(635,'ç¾å‘å·¥å…·',74,3,1,0,NULL,NULL,0),(636,'è„¸éƒ¨æŠ¤ç†',74,3,1,0,NULL,NULL,0),(637,'é¦™æ°´',75,3,1,0,NULL,NULL,0),(638,'åº•å¦†',75,3,1,0,NULL,NULL,0),(639,'è…®çº¢',75,3,1,0,NULL,NULL,0),(640,'çœ¼å½±',75,3,1,0,NULL,NULL,0),(641,'å”‡éƒ¨',75,3,1,0,NULL,NULL,0),(642,'ç¾ç”²',75,3,1,0,NULL,NULL,0),(643,'çœ¼çº¿',75,3,1,0,NULL,NULL,0),(644,'ç¾å¦†å·¥å…·',75,3,1,0,NULL,NULL,0),(645,'å¥—è£…',75,3,1,0,NULL,NULL,0),(646,'é˜²æ™’éš”ç¦»',75,3,1,0,NULL,NULL,0),(647,'å¸å¦†',75,3,1,0,NULL,NULL,0),(648,'çœ‰ç¬”',75,3,1,0,NULL,NULL,0),(649,'ç«æ¯›è†',75,3,1,0,NULL,NULL,0),(650,'Tæ¤',76,3,1,0,NULL,NULL,0),(651,'è¡¬è¡«',76,3,1,0,NULL,NULL,0),(652,'é’ˆç»‡è¡«',76,3,1,0,NULL,NULL,0),(653,'é›ªçººè¡«',76,3,1,0,NULL,NULL,0),(654,'å«è¡£',76,3,1,0,NULL,NULL,0),(655,'é©¬ç”²',76,3,1,0,NULL,NULL,0),(656,'è¿è¡£è£™',76,3,1,0,NULL,NULL,0),(657,'åŠèº«è£™',76,3,1,0,NULL,NULL,0),(658,'ç‰›ä»”è£¤',76,3,1,0,NULL,NULL,0),(659,'ä¼‘é—²è£¤',76,3,1,0,NULL,NULL,0),(660,'æ‰“åº•è£¤',76,3,1,0,NULL,NULL,0),(661,'æ­£è£…è£¤',76,3,1,0,NULL,NULL,0),(662,'å°è¥¿è£…',76,3,1,0,NULL,NULL,0),(663,'çŸ­å¤–å¥—',76,3,1,0,NULL,NULL,0),(664,'é£è¡£',76,3,1,0,NULL,NULL,0),(665,'æ¯›å‘¢å¤§è¡£',76,3,1,0,NULL,NULL,0),(666,'çœŸçš®çš®è¡£',76,3,1,0,NULL,NULL,0),(667,'æ£‰æœ',76,3,1,0,NULL,NULL,0),(668,'ç¾½ç»’æœ',76,3,1,0,NULL,NULL,0),(669,'å¤§ç å¥³è£…',76,3,1,0,NULL,NULL,0),(670,'ä¸­è€å¹´å¥³è£…',76,3,1,0,NULL,NULL,0),(671,'å©šçº±',76,3,1,0,NULL,NULL,0),(672,'æ‰“åº•è¡«',76,3,1,0,NULL,NULL,0),(673,'æ——è¢/å”è£…',76,3,1,0,NULL,NULL,0),(674,'åŠ ç»’è£¤',76,3,1,0,NULL,NULL,0),(675,'åŠå¸¦/èƒŒå¿ƒ',76,3,1,0,NULL,NULL,0),(676,'ç¾Šç»’è¡«',76,3,1,0,NULL,NULL,0),(677,'çŸ­è£¤',76,3,1,0,NULL,NULL,0),(678,'çš®è‰',76,3,1,0,NULL,NULL,0),(679,'ç¤¼æœ',76,3,1,0,NULL,NULL,0),(680,'ä»¿çš®çš®è¡£',76,3,1,0,NULL,NULL,0),(681,'ç¾Šæ¯›è¡«',76,3,1,0,NULL,NULL,0),(682,'è®¾è®¡å¸ˆ/æ½®ç‰Œ',76,3,1,0,NULL,NULL,0),(683,'è¡¬è¡«',77,3,1,0,NULL,NULL,0),(684,'Tæ¤',77,3,1,0,NULL,NULL,0),(685,'POLOè¡«',77,3,1,0,NULL,NULL,0),(686,'é’ˆç»‡è¡«',77,3,1,0,NULL,NULL,0),(687,'ç¾Šç»’è¡«',77,3,1,0,NULL,NULL,0),(688,'å«è¡£',77,3,1,0,NULL,NULL,0),(689,'é©¬ç”²/èƒŒå¿ƒ',77,3,1,0,NULL,NULL,0),(690,'å¤¹å…‹',77,3,1,0,NULL,NULL,0),(691,'é£è¡£',77,3,1,0,NULL,NULL,0),(692,'æ¯›å‘¢å¤§è¡£',77,3,1,0,NULL,NULL,0),(693,'ä»¿çš®çš®è¡£',77,3,1,0,NULL,NULL,0),(694,'è¥¿æœ',77,3,1,0,NULL,NULL,0),(695,'æ£‰æœ',77,3,1,0,NULL,NULL,0),(696,'ç¾½ç»’æœ',77,3,1,0,NULL,NULL,0),(697,'ç‰›ä»”è£¤',77,3,1,0,NULL,NULL,0),(698,'ä¼‘é—²è£¤',77,3,1,0,NULL,NULL,0),(699,'è¥¿è£¤',77,3,1,0,NULL,NULL,0),(700,'è¥¿æœå¥—è£…',77,3,1,0,NULL,NULL,0),(701,'å¤§ç ç”·è£…',77,3,1,0,NULL,NULL,0),(702,'ä¸­è€å¹´ç”·è£…',77,3,1,0,NULL,NULL,0),(703,'å”è£…/ä¸­å±±è£…',77,3,1,0,NULL,NULL,0),(704,'å·¥è£…',77,3,1,0,NULL,NULL,0),(705,'çœŸçš®çš®è¡£',77,3,1,0,NULL,NULL,0),(706,'åŠ ç»’è£¤',77,3,1,0,NULL,NULL,0),(707,'å«è£¤/è¿åŠ¨è£¤',77,3,1,0,NULL,NULL,0),(708,'çŸ­è£¤',77,3,1,0,NULL,NULL,0),(709,'è®¾è®¡å¸ˆ/æ½®ç‰Œ',77,3,1,0,NULL,NULL,0),(710,'ç¾Šæ¯›è¡«',77,3,1,0,NULL,NULL,0),(711,'æ–‡èƒ¸',78,3,1,0,NULL,NULL,0),(712,'å¥³å¼å†…è£¤',78,3,1,0,NULL,NULL,0),(713,'ç”·å¼å†…è£¤',78,3,1,0,NULL,NULL,0),(714,'ç¡è¡£/å®¶å±…æœ',78,3,1,0,NULL,NULL,0),(715,'å¡‘èº«ç¾ä½“',78,3,1,0,NULL,NULL,0),(716,'æ³³è¡£',78,3,1,0,NULL,NULL,0),(717,'åŠå¸¦/èƒŒå¿ƒ',78,3,1,0,NULL,NULL,0),(718,'æŠ¹èƒ¸',78,3,1,0,NULL,NULL,0),(719,'è¿è£¤è¢œ/ä¸è¢œ',78,3,1,0,NULL,NULL,0),(720,'ç¾è…¿è¢œ',78,3,1,0,NULL,NULL,0),(721,'å•†åŠ¡ç”·è¢œ',78,3,1,0,NULL,NULL,0),(722,'ä¿æš–å†…è¡£',78,3,1,0,NULL,NULL,0),(723,'æƒ…ä¾£ç¡è¡£',78,3,1,0,NULL,NULL,0),(724,'æ–‡èƒ¸å¥—è£…',78,3,1,0,NULL,NULL,0),(725,'å°‘å¥³æ–‡èƒ¸',78,3,1,0,NULL,NULL,0),(726,'ä¼‘é—²æ£‰è¢œ',78,3,1,0,NULL,NULL,0),(727,'å¤§ç å†…è¡£',78,3,1,0,NULL,NULL,0),(728,'å†…è¡£é…ä»¶',78,3,1,0,NULL,NULL,0),(729,'æ‰“åº•è£¤è¢œ',78,3,1,0,NULL,NULL,0),(730,'æ‰“åº•è¡«',78,3,1,0,NULL,NULL,0),(731,'ç§‹è¡£ç§‹è£¤',78,3,1,0,NULL,NULL,0),(732,'æƒ…è¶£å†…è¡£',78,3,1,0,NULL,NULL,0),(733,'æœè£…æ´—æŠ¤',79,3,1,0,NULL,NULL,0),(734,'å¤ªé˜³é•œ',80,3,1,0,NULL,NULL,0),(735,'å…‰å­¦é•œæ¶/é•œç‰‡',80,3,1,0,NULL,NULL,0),(736,'å›´å·¾/æ‰‹å¥—/å¸½å­å¥—è£…',80,3,1,0,NULL,NULL,0),(737,'è¢–æ‰£',80,3,1,0,NULL,NULL,0),(738,'æ£’çƒå¸½',80,3,1,0,NULL,NULL,0),(739,'æ¯›çº¿å¸½',80,3,1,0,NULL,NULL,0),(740,'é®é˜³å¸½',80,3,1,0,NULL,NULL,0),(741,'è€èŠ±é•œ',80,3,1,0,NULL,NULL,0),(742,'è£…é¥°çœ¼é•œ',80,3,1,0,NULL,NULL,0),(743,'é˜²è¾å°„çœ¼é•œ',80,3,1,0,NULL,NULL,0),(744,'æ¸¸æ³³é•œ',80,3,1,0,NULL,NULL,0),(745,'å¥³å£«ä¸å·¾/å›´å·¾/æŠ«è‚©',80,3,1,0,NULL,NULL,0),(746,'ç”·å£«ä¸å·¾/å›´å·¾',80,3,1,0,NULL,NULL,0),(747,'é¸­èˆŒå¸½',80,3,1,0,NULL,NULL,0),(748,'è´é›·å¸½',80,3,1,0,NULL,NULL,0),(749,'ç¤¼å¸½',80,3,1,0,NULL,NULL,0),(750,'çœŸçš®æ‰‹å¥—',80,3,1,0,NULL,NULL,0),(751,'æ¯›çº¿æ‰‹å¥—',80,3,1,0,NULL,NULL,0),(752,'é˜²æ™’æ‰‹å¥—',80,3,1,0,NULL,NULL,0),(753,'ç”·å£«è…°å¸¦/ç¤¼ç›’',80,3,1,0,NULL,NULL,0),(754,'å¥³å£«è…°å¸¦/ç¤¼ç›’',80,3,1,0,NULL,NULL,0),(755,'é’¥åŒ™æ‰£',80,3,1,0,NULL,NULL,0),(756,'é®é˜³ä¼/é›¨ä¼',80,3,1,0,NULL,NULL,0),(757,'å£ç½©',80,3,1,0,NULL,NULL,0),(758,'è€³ç½©/è€³åŒ…',80,3,1,0,NULL,NULL,0),(759,'å‡é¢†',80,3,1,0,NULL,NULL,0),(760,'æ¯›çº¿/å¸ƒé¢æ–™',80,3,1,0,NULL,NULL,0),(761,'é¢†å¸¦/é¢†ç»“/é¢†å¸¦å¤¹',80,3,1,0,NULL,NULL,0),(762,'ç”·è¡¨',81,3,1,0,NULL,NULL,0),(763,'ç‘è¡¨',81,3,1,0,NULL,NULL,0),(764,'å¥³è¡¨',81,3,1,0,NULL,NULL,0),(765,'å›½è¡¨',81,3,1,0,NULL,NULL,0),(766,'æ—¥éŸ©è¡¨',81,3,1,0,NULL,NULL,0),(767,'æ¬§ç¾è¡¨',81,3,1,0,NULL,NULL,0),(768,'å¾·è¡¨',81,3,1,0,NULL,NULL,0),(769,'å„¿ç«¥æ‰‹è¡¨',81,3,1,0,NULL,NULL,0),(770,'æ™ºèƒ½æ‰‹è¡¨',81,3,1,0,NULL,NULL,0),(771,'é—¹é’Ÿ',81,3,1,0,NULL,NULL,0),(772,'åº§é’ŸæŒ‚é’Ÿ',81,3,1,0,NULL,NULL,0),(773,'é’Ÿè¡¨é…ä»¶',81,3,1,0,NULL,NULL,0),(774,'å•†åŠ¡ä¼‘é—²é‹',82,3,1,0,NULL,NULL,0),(775,'æ­£è£…é‹',82,3,1,0,NULL,NULL,0),(776,'ä¼‘é—²é‹',82,3,1,0,NULL,NULL,0),(777,'å‡‰é‹/æ²™æ»©é‹',82,3,1,0,NULL,NULL,0),(778,'ç”·é´',82,3,1,0,NULL,NULL,0),(779,'åŠŸèƒ½é‹',82,3,1,0,NULL,NULL,0),(780,'æ‹–é‹/äººå­—æ‹–',82,3,1,0,NULL,NULL,0),(781,'é›¨é‹/é›¨é´',82,3,1,0,NULL,NULL,0),(782,'ä¼ ç»Ÿå¸ƒé‹',82,3,1,0,NULL,NULL,0),(783,'é‹é…ä»¶',82,3,1,0,NULL,NULL,0),(784,'å¸†å¸ƒé‹',82,3,1,0,NULL,NULL,0),(785,'å¢é«˜é‹',82,3,1,0,NULL,NULL,0),(786,'å·¥è£…é‹',82,3,1,0,NULL,NULL,0),(787,'å®šåˆ¶é‹',82,3,1,0,NULL,NULL,0),(788,'é«˜è·Ÿé‹',83,3,1,0,NULL,NULL,0),(789,'å•é‹',83,3,1,0,NULL,NULL,0),(790,'ä¼‘é—²é‹',83,3,1,0,NULL,NULL,0),(791,'å‡‰é‹',83,3,1,0,NULL,NULL,0),(792,'å¥³é´',83,3,1,0,NULL,NULL,0),(793,'é›ªåœ°é´',83,3,1,0,NULL,NULL,0),(794,'æ‹–é‹/äººå­—æ‹–',83,3,1,0,NULL,NULL,0),(795,'è¸é´',83,3,1,0,NULL,NULL,0),(796,'ç­’é´',83,3,1,0,NULL,NULL,0),(797,'å¸†å¸ƒé‹',83,3,1,0,NULL,NULL,0),(798,'é›¨é‹/é›¨é´',83,3,1,0,NULL,NULL,0),(799,'å¦ˆå¦ˆé‹',83,3,1,0,NULL,NULL,0),(800,'é‹é…ä»¶',83,3,1,0,NULL,NULL,0),(801,'ç‰¹è‰²é‹',83,3,1,0,NULL,NULL,0),(802,'é±¼å˜´é‹',83,3,1,0,NULL,NULL,0),(803,'å¸ƒé‹/ç»£èŠ±é‹',83,3,1,0,NULL,NULL,0),(804,'é©¬ä¸é´',83,3,1,0,NULL,NULL,0),(805,'å¡è·Ÿé‹',83,3,1,0,NULL,NULL,0),(806,'æ¾ç³•é‹',83,3,1,0,NULL,NULL,0),(807,'å†…å¢é«˜',83,3,1,0,NULL,NULL,0),(808,'é˜²æ°´å°',83,3,1,0,NULL,NULL,0),(809,'å©´å¹¼å¥¶ç²‰',84,3,1,0,NULL,NULL,0),(810,'å­•å¦ˆå¥¶ç²‰',84,3,1,0,NULL,NULL,0),(811,'ç›Šç”ŸèŒ/åˆä¹³',85,3,1,0,NULL,NULL,0),(812,'ç±³ç²‰/èœç²‰',85,3,1,0,NULL,NULL,0),(813,'æœæ³¥/æœæ±',85,3,1,0,NULL,NULL,0),(814,'DHA',85,3,1,0,NULL,NULL,0),(815,'å®å®é›¶é£Ÿ',85,3,1,0,NULL,NULL,0),(816,'é’™é“é”Œ/ç»´ç”Ÿç´ ',85,3,1,0,NULL,NULL,0),(817,'æ¸…ç«/å¼€èƒƒ',85,3,1,0,NULL,NULL,0),(818,'é¢æ¡/ç²¥',85,3,1,0,NULL,NULL,0),(819,'å©´å„¿å°¿è£¤',86,3,1,0,NULL,NULL,0),(820,'æ‹‰æ‹‰è£¤',86,3,1,0,NULL,NULL,0),(821,'å©´å„¿æ¹¿å·¾',86,3,1,0,NULL,NULL,0),(822,'æˆäººå°¿è£¤',86,3,1,0,NULL,NULL,0),(823,'å¥¶ç“¶å¥¶å˜´',87,3,1,0,NULL,NULL,0),(824,'å¸å¥¶å™¨',87,3,1,0,NULL,NULL,0),(825,'æš–å¥¶æ¶ˆæ¯’',87,3,1,0,NULL,NULL,0),(826,'å„¿ç«¥é¤å…·',87,3,1,0,NULL,NULL,0),(827,'æ°´å£¶/æ°´æ¯',87,3,1,0,NULL,NULL,0),(828,'ç‰™èƒ¶å®‰æŠš',87,3,1,0,NULL,NULL,0),(829,'å›´å…œ/é˜²æº…è¡£',87,3,1,0,NULL,NULL,0),(830,'è¾…é£Ÿæ–™ç†æœº',87,3,1,0,NULL,NULL,0),(831,'é£Ÿç‰©å­˜å‚¨',87,3,1,0,NULL,NULL,0),(832,'å®å®æŠ¤è‚¤',88,3,1,0,NULL,NULL,0),(833,'æ´—å‘æ²æµ´',88,3,1,0,NULL,NULL,0),(834,'å¥¶ç“¶æ¸…æ´—',88,3,1,0,NULL,NULL,0),(835,'é©±èšŠé˜²æ™’',88,3,1,0,NULL,NULL,0),(836,'ç†å‘å™¨',88,3,1,0,NULL,NULL,0),(837,'æ´—æ¾¡ç”¨å…·',88,3,1,0,NULL,NULL,0),(838,'å©´å„¿å£è…”æ¸…æ´',88,3,1,0,NULL,NULL,0),(839,'æ´—è¡£æ¶²/çš‚',88,3,1,0,NULL,NULL,0),(840,'æ—¥å¸¸æŠ¤ç†',88,3,1,0,NULL,NULL,0),(841,'åº§ä¾¿å™¨',88,3,1,0,NULL,NULL,0),(842,'å©´å„¿æ¨è½¦',89,3,1,0,NULL,NULL,0),(843,'é¤æ¤…æ‘‡æ¤…',89,3,1,0,NULL,NULL,0),(844,'å©´å„¿åºŠ',89,3,1,0,NULL,NULL,0),(845,'å­¦æ­¥è½¦',89,3,1,0,NULL,NULL,0),(846,'ä¸‰è½®è½¦',89,3,1,0,NULL,NULL,0),(847,'è‡ªè¡Œè½¦',89,3,1,0,NULL,NULL,0),(848,'ç”µåŠ¨è½¦',89,3,1,0,NULL,NULL,0),(849,'æ‰­æ‰­è½¦',89,3,1,0,NULL,NULL,0),(850,'æ»‘æ¿è½¦',89,3,1,0,NULL,NULL,0),(851,'å©´å„¿åºŠå«',89,3,1,0,NULL,NULL,0),(852,'å©´å„¿å¤–å‡ºæœ',90,3,1,0,NULL,NULL,0),(853,'å©´å„¿å†…è¡£',90,3,1,0,NULL,NULL,0),(854,'å©´å„¿ç¤¼ç›’',90,3,1,0,NULL,NULL,0),(855,'å©´å„¿é‹å¸½è¢œ',90,3,1,0,NULL,NULL,0),(856,'å®‰å…¨é˜²æŠ¤',90,3,1,0,NULL,NULL,0),(857,'å®¶å±…åºŠå“',90,3,1,0,NULL,NULL,0),(858,'ç¡è¢‹/æŠ±è¢«',90,3,1,0,NULL,NULL,0),(859,'çˆ¬è¡Œå«',90,3,1,0,NULL,NULL,0),(860,'å¦ˆå’ªåŒ…/èƒŒå©´å¸¦',91,3,1,0,NULL,NULL,0),(861,'äº§åå¡‘èº«',91,3,1,0,NULL,NULL,0),(862,'æ–‡èƒ¸/å†…è£¤',91,3,1,0,NULL,NULL,0),(863,'é˜²è¾å°„æœ',91,3,1,0,NULL,NULL,0),(864,'å­•å¦ˆè£…',91,3,1,0,NULL,NULL,0),(865,'å­•æœŸè¥å…»',91,3,1,0,NULL,NULL,0),(866,'å­•å¦‡æŠ¤è‚¤',91,3,1,0,NULL,NULL,0),(867,'å¾…äº§æŠ¤ç†',91,3,1,0,NULL,NULL,0),(868,'æœˆå­è£…',91,3,1,0,NULL,NULL,0),(869,'é˜²æº¢ä¹³å«',91,3,1,0,NULL,NULL,0),(870,'å¥—è£…',92,3,1,0,NULL,NULL,0),(871,'ä¸Šè¡£',92,3,1,0,NULL,NULL,0),(872,'è£¤å­',92,3,1,0,NULL,NULL,0),(873,'è£™å­',92,3,1,0,NULL,NULL,0),(874,'å†…è¡£/å®¶å±…æœ',92,3,1,0,NULL,NULL,0),(875,'ç¾½ç»’æœ/æ£‰æœ',92,3,1,0,NULL,NULL,0),(876,'äº²å­è£…',92,3,1,0,NULL,NULL,0),(877,'å„¿ç«¥é…é¥°',92,3,1,0,NULL,NULL,0),(878,'ç¤¼æœ/æ¼”å‡ºæœ',92,3,1,0,NULL,NULL,0),(879,'è¿åŠ¨é‹',92,3,1,0,NULL,NULL,0),(880,'çš®é‹/å¸†å¸ƒé‹',92,3,1,0,NULL,NULL,0),(881,'é´å­',92,3,1,0,NULL,NULL,0),(882,'å‡‰é‹',92,3,1,0,NULL,NULL,0),(883,'åŠŸèƒ½é‹',92,3,1,0,NULL,NULL,0),(884,'æˆ·å¤–/è¿åŠ¨æœ',92,3,1,0,NULL,NULL,0),(885,'æç¯®å¼',93,3,1,0,NULL,NULL,0),(886,'å®‰å…¨åº§æ¤…',93,3,1,0,NULL,NULL,0),(887,'å¢é«˜å«',93,3,1,0,NULL,NULL,0),(888,'é’±åŒ…',94,3,1,0,NULL,NULL,0),(889,'æ‰‹æ‹¿åŒ…',94,3,1,0,NULL,NULL,0),(890,'å•è‚©åŒ…',94,3,1,0,NULL,NULL,0),(891,'åŒè‚©åŒ…',94,3,1,0,NULL,NULL,0),(892,'æ‰‹æåŒ…',94,3,1,0,NULL,NULL,0),(893,'æ–œæŒåŒ…',94,3,1,0,NULL,NULL,0),(894,'é’¥åŒ™åŒ…',94,3,1,0,NULL,NULL,0),(895,'å¡åŒ…/é›¶é’±åŒ…',94,3,1,0,NULL,NULL,0),(896,'ç”·å£«é’±åŒ…',95,3,1,0,NULL,NULL,0),(897,'ç”·å£«æ‰‹åŒ…',95,3,1,0,NULL,NULL,0),(898,'å¡åŒ…åç‰‡å¤¹',95,3,1,0,NULL,NULL,0),(899,'å•†åŠ¡å…¬æ–‡åŒ…',95,3,1,0,NULL,NULL,0),(900,'åŒè‚©åŒ…',95,3,1,0,NULL,NULL,0),(901,'å•è‚©/æ–œæŒåŒ…',95,3,1,0,NULL,NULL,0),(902,'é’¥åŒ™åŒ…',95,3,1,0,NULL,NULL,0),(903,'ç”µè„‘åŒ…',96,3,1,0,NULL,NULL,0),(904,'æ‹‰æ†ç®±',96,3,1,0,NULL,NULL,0),(905,'æ—…è¡ŒåŒ…',96,3,1,0,NULL,NULL,0),(906,'æ—…è¡Œé…ä»¶',96,3,1,0,NULL,NULL,0),(907,'ä¼‘é—²è¿åŠ¨åŒ…',96,3,1,0,NULL,NULL,0),(908,'æ‹‰æ†åŒ…',96,3,1,0,NULL,NULL,0),(909,'ç™»å±±åŒ…',96,3,1,0,NULL,NULL,0),(910,'å¦ˆå’ªåŒ…',96,3,1,0,NULL,NULL,0),(911,'ä¹¦åŒ…',96,3,1,0,NULL,NULL,0),(912,'ç›¸æœºåŒ…',96,3,1,0,NULL,NULL,0),(913,'è…°åŒ…/èƒ¸åŒ…',96,3,1,0,NULL,NULL,0),(914,'ç«æœºçƒŸå…·',97,3,1,0,NULL,NULL,0),(915,'ç¤¼å“æ–‡å…·',97,3,1,0,NULL,NULL,0),(916,'å†›åˆ€å†›å…·',97,3,1,0,NULL,NULL,0),(917,'æ”¶è—å“',97,3,1,0,NULL,NULL,0),(918,'å·¥è‰ºç¤¼å“',97,3,1,0,NULL,NULL,0),(919,'åˆ›æ„ç¤¼å“',97,3,1,0,NULL,NULL,0),(920,'ç¤¼ç›’ç¤¼åˆ¸',97,3,1,0,NULL,NULL,0),(921,'é²œèŠ±ç»¿æ¤',97,3,1,0,NULL,NULL,0),(922,'å©šåº†èŠ‚åº†',97,3,1,0,NULL,NULL,0),(923,'äº¬ä¸œå¡',97,3,1,0,NULL,NULL,0),(924,'ç¾å¦†ç¤¼å“',97,3,1,0,NULL,NULL,0),(925,'ç¤¼å“å®šåˆ¶',97,3,1,0,NULL,NULL,0),(926,'äº¬ä¸œç¦å¡',97,3,1,0,NULL,NULL,0),(927,'å¤è‘£æ–‡ç©',97,3,1,0,NULL,NULL,0),(928,'ç®±åŒ…',98,3,1,0,NULL,NULL,0),(929,'é’±åŒ…',98,3,1,0,NULL,NULL,0),(930,'æœé¥°',98,3,1,0,NULL,NULL,0),(931,'è…°å¸¦',98,3,1,0,NULL,NULL,0),(932,'å¤ªé˜³é•œ/çœ¼é•œæ¡†',98,3,1,0,NULL,NULL,0),(933,'é…ä»¶',98,3,1,0,NULL,NULL,0),(934,'é‹é´',98,3,1,0,NULL,NULL,0),(935,'é¥°å“',98,3,1,0,NULL,NULL,0),(936,'åå“è…•è¡¨',98,3,1,0,NULL,NULL,0),(937,'é«˜æ¡£åŒ–å¦†å“',98,3,1,0,NULL,NULL,0),(938,'å©šå«é¦–é¥°',99,3,1,0,NULL,NULL,0),(939,'å©šçº±æ‘„å½±',99,3,1,0,NULL,NULL,0),(940,'å©šçº±ç¤¼æœ',99,3,1,0,NULL,NULL,0),(941,'å©šåº†æœåŠ¡',99,3,1,0,NULL,NULL,0),(942,'å©šåº†ç¤¼å“/ç”¨å“',99,3,1,0,NULL,NULL,0),(943,'å©šå®´',99,3,1,0,NULL,NULL,0),(944,'é¥¼å¹²è›‹ç³•',100,3,1,0,NULL,NULL,0),(945,'ç³–æœ/å·§å…‹åŠ›',100,3,1,0,NULL,NULL,0),(946,'ä¼‘é—²é›¶é£Ÿ',100,3,1,0,NULL,NULL,0),(947,'å†²è°ƒé¥®å“',100,3,1,0,NULL,NULL,0),(948,'ç²®æ²¹è°ƒå‘³',100,3,1,0,NULL,NULL,0),(949,'ç‰›å¥¶',100,3,1,0,NULL,NULL,0),(950,'å…¶ä»–ç‰¹äº§',101,3,1,0,NULL,NULL,0),(951,'æ–°ç–†',101,3,1,0,NULL,NULL,0),(952,'åŒ—äº¬',101,3,1,0,NULL,NULL,0),(953,'å±±è¥¿',101,3,1,0,NULL,NULL,0),(954,'å†…è’™å¤',101,3,1,0,NULL,NULL,0),(955,'ç¦å»º',101,3,1,0,NULL,NULL,0),(956,'æ¹–å—',101,3,1,0,NULL,NULL,0),(957,'å››å·',101,3,1,0,NULL,NULL,0),(958,'äº‘å—',101,3,1,0,NULL,NULL,0),(959,'ä¸œåŒ—',101,3,1,0,NULL,NULL,0),(960,'ä¼‘é—²é›¶é£Ÿ',102,3,1,0,NULL,NULL,0),(961,'åšæœç‚’è´§',102,3,1,0,NULL,NULL,0),(962,'è‚‰å¹²è‚‰è„¯',102,3,1,0,NULL,NULL,0),(963,'èœœé¥¯æœå¹²',102,3,1,0,NULL,NULL,0),(964,'ç³–æœ/å·§å…‹åŠ›',102,3,1,0,NULL,NULL,0),(965,'é¥¼å¹²è›‹ç³•',102,3,1,0,NULL,NULL,0),(966,'æ— ç³–é£Ÿå“',102,3,1,0,NULL,NULL,0),(967,'ç±³é¢æ‚ç²®',103,3,1,0,NULL,NULL,0),(968,'é£Ÿç”¨æ²¹',103,3,1,0,NULL,NULL,0),(969,'è°ƒå‘³å“',103,3,1,0,NULL,NULL,0),(970,'å—åŒ—å¹²è´§',103,3,1,0,NULL,NULL,0),(971,'æ–¹ä¾¿é£Ÿå“',103,3,1,0,NULL,NULL,0),(972,'æœ‰æœºé£Ÿå“',103,3,1,0,NULL,NULL,0),(973,'é¥®ç”¨æ°´',104,3,1,0,NULL,NULL,0),(974,'é¥®æ–™',104,3,1,0,NULL,NULL,0),(975,'ç‰›å¥¶ä¹³å“',104,3,1,0,NULL,NULL,0),(976,'å’–å•¡/å¥¶èŒ¶',104,3,1,0,NULL,NULL,0),(977,'å†²é¥®è°·ç‰©',104,3,1,0,NULL,NULL,0),(978,'èœ‚èœœ/æŸšå­èŒ¶',104,3,1,0,NULL,NULL,0),(979,'æˆäººå¥¶ç²‰',104,3,1,0,NULL,NULL,0),(980,'æœˆé¥¼',105,3,1,0,NULL,NULL,0),(981,'å¤§é—¸èŸ¹',105,3,1,0,NULL,NULL,0),(982,'ç²½å­',105,3,1,0,NULL,NULL,0),(983,'å¡åˆ¸',105,3,1,0,NULL,NULL,0),(984,'é“è§‚éŸ³',106,3,1,0,NULL,NULL,0),(985,'æ™®æ´±',106,3,1,0,NULL,NULL,0),(986,'é¾™äº•',106,3,1,0,NULL,NULL,0),(987,'ç»¿èŒ¶',106,3,1,0,NULL,NULL,0),(988,'çº¢èŒ¶',106,3,1,0,NULL,NULL,0),(989,'ä¹Œé¾™èŒ¶',106,3,1,0,NULL,NULL,0),(990,'èŠ±è‰èŒ¶',106,3,1,0,NULL,NULL,0),(991,'èŠ±æœèŒ¶',106,3,1,0,NULL,NULL,0),(992,'å…»ç”ŸèŒ¶',106,3,1,0,NULL,NULL,0),(993,'é»‘èŒ¶',106,3,1,0,NULL,NULL,0),(994,'ç™½èŒ¶',106,3,1,0,NULL,NULL,0),(995,'å…¶å®ƒèŒ¶',106,3,1,0,NULL,NULL,0),(996,'é¡¹é“¾',107,3,1,0,NULL,NULL,0),(997,'æ‰‹é“¾/è„šé“¾',107,3,1,0,NULL,NULL,0),(998,'æˆ’æŒ‡',107,3,1,0,NULL,NULL,0),(999,'è€³é¥°',107,3,1,0,NULL,NULL,0),(1000,'æ¯›è¡£é“¾',107,3,1,0,NULL,NULL,0),(1001,'å‘é¥°/å‘å¡',107,3,1,0,NULL,NULL,0),(1002,'èƒ¸é’ˆ',107,3,1,0,NULL,NULL,0),(1003,'é¥°å“é…ä»¶',107,3,1,0,NULL,NULL,0),(1004,'å©šåº†é¥°å“',107,3,1,0,NULL,NULL,0),(1005,'é»„é‡‘åŠå ',108,3,1,0,NULL,NULL,0),(1006,'é»„é‡‘é¡¹é“¾',108,3,1,0,NULL,NULL,0),(1007,'é»„é‡‘è½¬è¿ç ',108,3,1,0,NULL,NULL,0),(1008,'é»„é‡‘æ‰‹é•¯/æ‰‹é“¾/è„šé“¾',108,3,1,0,NULL,NULL,0),(1009,'é»„é‡‘è€³é¥°',108,3,1,0,NULL,NULL,0),(1010,'é»„é‡‘æˆ’æŒ‡',108,3,1,0,NULL,NULL,0),(1011,'Ké‡‘åŠå ',109,3,1,0,NULL,NULL,0),(1012,'Ké‡‘é¡¹é“¾',109,3,1,0,NULL,NULL,0),(1013,'Ké‡‘æ‰‹é•¯/æ‰‹é“¾/è„šé“¾',109,3,1,0,NULL,NULL,0),(1014,'Ké‡‘æˆ’æŒ‡',109,3,1,0,NULL,NULL,0),(1015,'Ké‡‘è€³é¥°',109,3,1,0,NULL,NULL,0),(1016,'æŠ•èµ„é‡‘',110,3,1,0,NULL,NULL,0),(1017,'æŠ•èµ„é“¶',110,3,1,0,NULL,NULL,0),(1018,'æŠ•èµ„æ”¶è—',110,3,1,0,NULL,NULL,0),(1019,'é“¶åŠå /é¡¹é“¾',111,3,1,0,NULL,NULL,0),(1020,'é“¶æ‰‹é•¯/æ‰‹é“¾/è„šé“¾',111,3,1,0,NULL,NULL,0),(1021,'é“¶æˆ’æŒ‡',111,3,1,0,NULL,NULL,0),(1022,'é“¶è€³é¥°',111,3,1,0,NULL,NULL,0),(1023,'è¶³é“¶æ‰‹é•¯',111,3,1,0,NULL,NULL,0),(1024,'å®å®é“¶é¥°',111,3,1,0,NULL,NULL,0),(1025,'è£¸é’»',112,3,1,0,NULL,NULL,0),(1026,'é’»æˆ’',112,3,1,0,NULL,NULL,0),(1027,'é’»çŸ³é¡¹é“¾/åŠå ',112,3,1,0,NULL,NULL,0),(1028,'é’»çŸ³è€³é¥°',112,3,1,0,NULL,NULL,0),(1029,'é’»çŸ³æ‰‹é•¯/æ‰‹é“¾',112,3,1,0,NULL,NULL,0),(1030,'é¡¹é“¾/åŠå ',113,3,1,0,NULL,NULL,0),(1031,'æ‰‹é•¯/æ‰‹ä¸²',113,3,1,0,NULL,NULL,0),(1032,'æˆ’æŒ‡',113,3,1,0,NULL,NULL,0),(1033,'è€³é¥°',113,3,1,0,NULL,NULL,0),(1034,'æŒ‚ä»¶/æ‘†ä»¶/æŠŠä»¶',113,3,1,0,NULL,NULL,0),(1035,'ç‰çŸ³å­¤å“',113,3,1,0,NULL,NULL,0),(1036,'é¡¹é“¾/åŠå ',114,3,1,0,NULL,NULL,0),(1037,'è€³é¥°',114,3,1,0,NULL,NULL,0),(1038,'æ‰‹é•¯/æ‰‹é“¾/è„šé“¾',114,3,1,0,NULL,NULL,0),(1039,'æˆ’æŒ‡',114,3,1,0,NULL,NULL,0),(1040,'å¤´é¥°/èƒ¸é’ˆ',114,3,1,0,NULL,NULL,0),(1041,'æ‘†ä»¶/æŒ‚ä»¶',114,3,1,0,NULL,NULL,0),(1042,'ç¥ç€/èœœèœ¡',115,3,1,0,NULL,NULL,0),(1043,'ç¢§çº',115,3,1,0,NULL,NULL,0),(1044,'çº¢å®çŸ³/è“å®çŸ³',115,3,1,0,NULL,NULL,0),(1045,'å¦æ¡‘çŸ³',115,3,1,0,NULL,NULL,0),(1046,'çŠç‘š',115,3,1,0,NULL,NULL,0),(1047,'ç¥–æ¯ç»¿',115,3,1,0,NULL,NULL,0),(1048,'è‘¡è„çŸ³',115,3,1,0,NULL,NULL,0),(1049,'å…¶ä»–å¤©ç„¶å®çŸ³',115,3,1,0,NULL,NULL,0),(1050,'é¡¹é“¾/åŠå ',115,3,1,0,NULL,NULL,0),(1051,'è€³é¥°',115,3,1,0,NULL,NULL,0),(1052,'æ‰‹é•¯/æ‰‹é“¾',115,3,1,0,NULL,NULL,0),(1053,'æˆ’æŒ‡',115,3,1,0,NULL,NULL,0),(1054,'é“‚é‡‘é¡¹é“¾/åŠå ',116,3,1,0,NULL,NULL,0),(1055,'é“‚é‡‘æ‰‹é•¯/æ‰‹é“¾/è„šé“¾',116,3,1,0,NULL,NULL,0),(1056,'é“‚é‡‘æˆ’æŒ‡',116,3,1,0,NULL,NULL,0),(1057,'é“‚é‡‘è€³é¥°',116,3,1,0,NULL,NULL,0),(1058,'å°å¶ç´«æª€',117,3,1,0,NULL,NULL,0),(1059,'é»„èŠ±æ¢¨',117,3,1,0,NULL,NULL,0),(1060,'æ²‰é¦™æœ¨',117,3,1,0,NULL,NULL,0),(1061,'é‡‘ä¸æ¥ ',117,3,1,0,NULL,NULL,0),(1062,'è©æ',117,3,1,0,NULL,NULL,0),(1063,'å…¶ä»–',117,3,1,0,NULL,NULL,0),(1064,'æ©„æ¦„æ ¸/æ ¸æ¡ƒ',117,3,1,0,NULL,NULL,0),(1065,'æª€é¦™',117,3,1,0,NULL,NULL,0),(1066,'çç é¡¹é“¾',118,3,1,0,NULL,NULL,0),(1067,'çç åŠå ',118,3,1,0,NULL,NULL,0),(1068,'çç è€³é¥°',118,3,1,0,NULL,NULL,0),(1069,'çç æ‰‹é“¾',118,3,1,0,NULL,NULL,0),(1070,'çç æˆ’æŒ‡',118,3,1,0,NULL,NULL,0),(1071,'çç èƒ¸é’ˆ',118,3,1,0,NULL,NULL,0),(1072,'æœºæ²¹',119,3,1,0,NULL,NULL,0),(1073,'æ­£æ—¶çš®å¸¦',119,3,1,0,NULL,NULL,0),(1074,'æ·»åŠ å‰‚',119,3,1,0,NULL,NULL,0),(1075,'æ±½è½¦å–‡å­',119,3,1,0,NULL,NULL,0),(1076,'é˜²å†»æ¶²',119,3,1,0,NULL,NULL,0),(1077,'æ±½è½¦ç»ç’ƒ',119,3,1,0,NULL,NULL,0),(1078,'æ»¤æ¸…å™¨',119,3,1,0,NULL,NULL,0),(1079,'ç«èŠ±å¡',119,3,1,0,NULL,NULL,0),(1080,'å‡éœ‡å™¨',119,3,1,0,NULL,NULL,0),(1081,'æŸ´æœºæ²¹/è¾…åŠ©æ²¹',119,3,1,0,NULL,NULL,0),(1082,'é›¨åˆ·',119,3,1,0,NULL,NULL,0),(1083,'è½¦ç¯',119,3,1,0,NULL,NULL,0),(1084,'åè§†é•œ',119,3,1,0,NULL,NULL,0),(1085,'è½®èƒ',119,3,1,0,NULL,NULL,0),(1086,'è½®æ¯‚',119,3,1,0,NULL,NULL,0),(1087,'åˆ¹è½¦ç‰‡/ç›˜',119,3,1,0,NULL,NULL,0),(1088,'ç»´ä¿®é…ä»¶',119,3,1,0,NULL,NULL,0),(1089,'è“„ç”µæ± ',119,3,1,0,NULL,NULL,0),(1090,'åº•ç›˜è£…ç”²/æŠ¤æ¿',119,3,1,0,NULL,NULL,0),(1091,'è´´è†œ',119,3,1,0,NULL,NULL,0),(1092,'æ±½ä¿®å·¥å…·',119,3,1,0,NULL,NULL,0),(1093,'æ”¹è£…é…ä»¶',119,3,1,0,NULL,NULL,0),(1094,'å¯¼èˆªä»ª',120,3,1,0,NULL,NULL,0),(1095,'å®‰å…¨é¢„è­¦ä»ª',120,3,1,0,NULL,NULL,0),(1096,'è¡Œè½¦è®°å½•ä»ª',120,3,1,0,NULL,NULL,0),(1097,'å€’è½¦é›·è¾¾',120,3,1,0,NULL,NULL,0),(1098,'è“ç‰™è®¾å¤‡',120,3,1,0,NULL,NULL,0),(1099,'è½¦è½½å½±éŸ³',120,3,1,0,NULL,NULL,0),(1100,'å‡€åŒ–å™¨',120,3,1,0,NULL,NULL,0),(1101,'ç”µæº',120,3,1,0,NULL,NULL,0),(1102,'æ™ºèƒ½é©¾é©¶',120,3,1,0,NULL,NULL,0),(1103,'è½¦è½½ç”µå°',120,3,1,0,NULL,NULL,0),(1104,'è½¦è½½ç”µå™¨é…ä»¶',120,3,1,0,NULL,NULL,0),(1105,'å¸å°˜å™¨',120,3,1,0,NULL,NULL,0),(1106,'æ™ºèƒ½è½¦æœº',120,3,1,0,NULL,NULL,0),(1107,'å†°ç®±',120,3,1,0,NULL,NULL,0),(1108,'æ±½è½¦éŸ³å“',120,3,1,0,NULL,NULL,0),(1109,'è½¦è½½ç”Ÿæ´»ç”µå™¨',120,3,1,0,NULL,NULL,0),(1110,'è½¦èœ¡',121,3,1,0,NULL,NULL,0),(1111,'è¡¥æ¼†ç¬”',121,3,1,0,NULL,NULL,0),(1112,'ç»ç’ƒæ°´',121,3,1,0,NULL,NULL,0),(1113,'æ¸…æ´å‰‚',121,3,1,0,NULL,NULL,0),(1114,'æ´—è½¦å·¥å…·',121,3,1,0,NULL,NULL,0),(1115,'é•€æ™¶é•€è†œ',121,3,1,0,NULL,NULL,0),(1116,'æ‰“èœ¡æœº',121,3,1,0,NULL,NULL,0),(1117,'æ´—è½¦é…ä»¶',121,3,1,0,NULL,NULL,0),(1118,'æ´—è½¦æœº',121,3,1,0,NULL,NULL,0),(1119,'æ´—è½¦æ°´æª',121,3,1,0,NULL,NULL,0),(1120,'æ¯›å·¾æ¸å­',121,3,1,0,NULL,NULL,0),(1121,'è„šå«',122,3,1,0,NULL,NULL,0),(1122,'åº§å«',122,3,1,0,NULL,NULL,0),(1123,'åº§å¥—',122,3,1,0,NULL,NULL,0),(1124,'åå¤‡ç®±å«',122,3,1,0,NULL,NULL,0),(1125,'å¤´æ•è…°é ',122,3,1,0,NULL,NULL,0),(1126,'æ–¹å‘ç›˜å¥—',122,3,1,0,NULL,NULL,0),(1127,'é¦™æ°´',122,3,1,0,NULL,NULL,0),(1128,'ç©ºæ°”å‡€åŒ–',122,3,1,0,NULL,NULL,0),(1129,'æŒ‚ä»¶æ‘†ä»¶',122,3,1,0,NULL,NULL,0),(1130,'åŠŸèƒ½å°ä»¶',122,3,1,0,NULL,NULL,0),(1131,'è½¦èº«è£…é¥°ä»¶',122,3,1,0,NULL,NULL,0),(1132,'è½¦è¡£',122,3,1,0,NULL,NULL,0),(1133,'å®‰å…¨åº§æ¤…',123,3,1,0,NULL,NULL,0),(1134,'èƒå‹ç›‘æµ‹',123,3,1,0,NULL,NULL,0),(1135,'é˜²ç›—è®¾å¤‡',123,3,1,0,NULL,NULL,0),(1136,'åº”æ€¥æ•‘æ´',123,3,1,0,NULL,NULL,0),(1137,'ä¿æ¸©ç®±',123,3,1,0,NULL,NULL,0),(1138,'åœ°é”',123,3,1,0,NULL,NULL,0),(1139,'æ‘©æ‰˜è½¦',123,3,1,0,NULL,NULL,0),(1140,'å……æ°”æ³µ',123,3,1,0,NULL,NULL,0),(1141,'å‚¨ç‰©ç®±',123,3,1,0,NULL,NULL,0),(1142,'è‡ªé©¾é‡è¥',123,3,1,0,NULL,NULL,0),(1143,'æ‘©æ‰˜è½¦è£…å¤‡',123,3,1,0,NULL,NULL,0),(1144,'æ¸…æ´—ç¾å®¹',124,3,1,0,NULL,NULL,0),(1145,'åŠŸèƒ½å‡çº§',124,3,1,0,NULL,NULL,0),(1146,'ä¿å…»ç»´ä¿®',124,3,1,0,NULL,NULL,0),(1147,'æ²¹å¡å……å€¼',124,3,1,0,NULL,NULL,0),(1148,'è½¦é™©',124,3,1,0,NULL,NULL,0),(1149,'åŠ æ²¹å¡',124,3,1,0,NULL,NULL,0),(1150,'ETC',124,3,1,0,NULL,NULL,0),(1151,'é©¾é©¶åŸ¹è®­',124,3,1,0,NULL,NULL,0),(1152,'èµ›äº‹æœè£…',125,3,1,0,NULL,NULL,0),(1153,'èµ›äº‹ç”¨å“',125,3,1,0,NULL,NULL,0),(1154,'åˆ¶åŠ¨ç³»ç»Ÿ',125,3,1,0,NULL,NULL,0),(1155,'æ‚¬æŒ‚ç³»ç»Ÿ',125,3,1,0,NULL,NULL,0),(1156,'è¿›æ°”ç³»ç»Ÿ',125,3,1,0,NULL,NULL,0),(1157,'æ’æ°”ç³»ç»Ÿ',125,3,1,0,NULL,NULL,0),(1158,'ç”µå­ç®¡ç†',125,3,1,0,NULL,NULL,0),(1159,'è½¦èº«å¼ºåŒ–',125,3,1,0,NULL,NULL,0),(1160,'èµ›äº‹åº§æ¤…',125,3,1,0,NULL,NULL,0),(1161,'è·‘æ­¥é‹',126,3,1,0,NULL,NULL,0),(1162,'ä¼‘é—²é‹',126,3,1,0,NULL,NULL,0),(1163,'ç¯®çƒé‹',126,3,1,0,NULL,NULL,0),(1164,'æ¿é‹',126,3,1,0,NULL,NULL,0),(1165,'å¸†å¸ƒé‹',126,3,1,0,NULL,NULL,0),(1166,'è¶³çƒé‹',126,3,1,0,NULL,NULL,0),(1167,'ä¹’ç¾½ç½‘é‹',126,3,1,0,NULL,NULL,0),(1168,'ä¸“é¡¹è¿åŠ¨é‹',126,3,1,0,NULL,NULL,0),(1169,'è®­ç»ƒé‹',126,3,1,0,NULL,NULL,0),(1170,'æ‹–é‹',126,3,1,0,NULL,NULL,0),(1171,'è¿åŠ¨åŒ…',126,3,1,0,NULL,NULL,0),(1172,'ç¾½ç»’æœ',127,3,1,0,NULL,NULL,0),(1173,'æ£‰æœ',127,3,1,0,NULL,NULL,0),(1174,'è¿åŠ¨è£¤',127,3,1,0,NULL,NULL,0),(1175,'å¤¹å…‹/é£è¡£',127,3,1,0,NULL,NULL,0),(1176,'å«è¡£/å¥—å¤´è¡«',127,3,1,0,NULL,NULL,0),(1177,'Tæ¤',127,3,1,0,NULL,NULL,0),(1178,'å¥—è£…',127,3,1,0,NULL,NULL,0),(1179,'ä¹’ç¾½ç½‘æœ',127,3,1,0,NULL,NULL,0),(1180,'å¥èº«æœ',127,3,1,0,NULL,NULL,0),(1181,'è¿åŠ¨èƒŒå¿ƒ',127,3,1,0,NULL,NULL,0),(1182,'æ¯›è¡«/çº¿è¡«',127,3,1,0,NULL,NULL,0),(1183,'è¿åŠ¨é…é¥°',127,3,1,0,NULL,NULL,0),(1184,'æŠ˜å è½¦',128,3,1,0,NULL,NULL,0),(1185,'å±±åœ°è½¦/å…¬è·¯è½¦',128,3,1,0,NULL,NULL,0),(1186,'ç”µåŠ¨è½¦',128,3,1,0,NULL,NULL,0),(1187,'å…¶ä»–æ•´è½¦',128,3,1,0,NULL,NULL,0),(1188,'éª‘è¡Œæœ',128,3,1,0,NULL,NULL,0),(1189,'éª‘è¡Œè£…å¤‡',128,3,1,0,NULL,NULL,0),(1190,'å¹³è¡¡è½¦',128,3,1,0,NULL,NULL,0),(1191,'é±¼ç«¿é±¼çº¿',129,3,1,0,NULL,NULL,0),(1192,'æµ®æ¼‚é±¼é¥µ',129,3,1,0,NULL,NULL,0),(1193,'é’“é±¼æ¡Œæ¤…',129,3,1,0,NULL,NULL,0),(1194,'é’“é±¼é…ä»¶',129,3,1,0,NULL,NULL,0),(1195,'é’“ç®±é±¼åŒ…',129,3,1,0,NULL,NULL,0),(1196,'å…¶å®ƒ',129,3,1,0,NULL,NULL,0),(1197,'æ³³é•œ',130,3,1,0,NULL,NULL,0),(1198,'æ³³å¸½',130,3,1,0,NULL,NULL,0),(1199,'æ¸¸æ³³åŒ…é˜²æ°´åŒ…',130,3,1,0,NULL,NULL,0),(1200,'å¥³å£«æ³³è¡£',130,3,1,0,NULL,NULL,0),(1201,'ç”·å£«æ³³è¡£',130,3,1,0,NULL,NULL,0),(1202,'æ¯”åŸºå°¼',130,3,1,0,NULL,NULL,0),(1203,'å…¶å®ƒ',130,3,1,0,NULL,NULL,0),(1204,'å†²é”‹è¡£è£¤',131,3,1,0,NULL,NULL,0),(1205,'é€Ÿå¹²è¡£è£¤',131,3,1,0,NULL,NULL,0),(1206,'æ»‘é›ªæœ',131,3,1,0,NULL,NULL,0),(1207,'ç¾½ç»’æœ/æ£‰æœ',131,3,1,0,NULL,NULL,0),(1208,'ä¼‘é—²è¡£è£¤',131,3,1,0,NULL,NULL,0),(1209,'æŠ“ç»’è¡£è£¤',131,3,1,0,NULL,NULL,0),(1210,'è½¯å£³è¡£è£¤',131,3,1,0,NULL,NULL,0),(1211,'Tæ¤',131,3,1,0,NULL,NULL,0),(1212,'æˆ·å¤–é£è¡£',131,3,1,0,NULL,NULL,0),(1213,'åŠŸèƒ½å†…è¡£',131,3,1,0,NULL,NULL,0),(1214,'å†›è¿·æœé¥°',131,3,1,0,NULL,NULL,0),(1215,'ç™»å±±é‹',131,3,1,0,NULL,NULL,0),(1216,'é›ªåœ°é´',131,3,1,0,NULL,NULL,0),(1217,'å¾’æ­¥é‹',131,3,1,0,NULL,NULL,0),(1218,'è¶Šé‡è·‘é‹',131,3,1,0,NULL,NULL,0),(1219,'ä¼‘é—²é‹',131,3,1,0,NULL,NULL,0),(1220,'å·¥è£…é‹',131,3,1,0,NULL,NULL,0),(1221,'æº¯æºªé‹',131,3,1,0,NULL,NULL,0),(1222,'æ²™æ»©/å‡‰æ‹–',131,3,1,0,NULL,NULL,0),(1223,'æˆ·å¤–è¢œ',131,3,1,0,NULL,NULL,0),(1224,'å¸ç¯·/å«å­',132,3,1,0,NULL,NULL,0),(1225,'ç¡è¢‹/åŠåºŠ',132,3,1,0,NULL,NULL,0),(1226,'ç™»å±±æ”€å²©',132,3,1,0,NULL,NULL,0),(1227,'æˆ·å¤–é…é¥°',132,3,1,0,NULL,NULL,0),(1228,'èƒŒåŒ…',132,3,1,0,NULL,NULL,0),(1229,'æˆ·å¤–ç…§æ˜',132,3,1,0,NULL,NULL,0),(1230,'æˆ·å¤–ä»ªè¡¨',132,3,1,0,NULL,NULL,0),(1231,'æˆ·å¤–å·¥å…·',132,3,1,0,NULL,NULL,0),(1232,'æœ›è¿œé•œ',132,3,1,0,NULL,NULL,0),(1233,'æ—…æ¸¸ç”¨å“',132,3,1,0,NULL,NULL,0),(1234,'ä¾¿æºæ¡Œæ¤…åºŠ',132,3,1,0,NULL,NULL,0),(1235,'é‡é¤çƒ§çƒ¤',132,3,1,0,NULL,NULL,0),(1236,'å†›è¿·ç”¨å“',132,3,1,0,NULL,NULL,0),(1237,'æ•‘æ´è£…å¤‡',132,3,1,0,NULL,NULL,0),(1238,'æ»‘é›ªè£…å¤‡',132,3,1,0,NULL,NULL,0),(1239,'æé™æˆ·å¤–',132,3,1,0,NULL,NULL,0),(1240,'å†²æµªæ½œæ°´',132,3,1,0,NULL,NULL,0),(1241,'ç»¼åˆè®­ç»ƒå™¨',133,3,1,0,NULL,NULL,0),(1242,'å…¶ä»–å¤§å‹å™¨æ¢°',133,3,1,0,NULL,NULL,0),(1243,'å“‘é“ƒ',133,3,1,0,NULL,NULL,0),(1244,'ä»°å§æ¿/æ”¶è…¹æœº',133,3,1,0,NULL,NULL,0),(1245,'å…¶ä»–ä¸­å°å‹å™¨æ',133,3,1,0,NULL,NULL,0),(1246,'ç‘œä¼½èˆè¹ˆ',133,3,1,0,NULL,NULL,0),(1247,'ç”©è„‚æœº',133,3,1,0,NULL,NULL,0),(1248,'è¸æ­¥æœº',133,3,1,0,NULL,NULL,0),(1249,'æ­¦æœ¯æå‡»',133,3,1,0,NULL,NULL,0),(1250,'å¥èº«è½¦/åŠ¨æ„Ÿå•è½¦',133,3,1,0,NULL,NULL,0),(1251,'è·‘æ­¥æœº',133,3,1,0,NULL,NULL,0),(1252,'è¿åŠ¨æŠ¤å…·',133,3,1,0,NULL,NULL,0),(1253,'ç¾½æ¯›çƒ',134,3,1,0,NULL,NULL,0),(1254,'ä¹’ä¹“çƒ',134,3,1,0,NULL,NULL,0),(1255,'ç¯®çƒ',134,3,1,0,NULL,NULL,0),(1256,'è¶³çƒ',134,3,1,0,NULL,NULL,0),(1257,'ç½‘çƒ',134,3,1,0,NULL,NULL,0),(1258,'æ’çƒ',134,3,1,0,NULL,NULL,0),(1259,'é«˜å°”å¤«',134,3,1,0,NULL,NULL,0),(1260,'å°çƒ',134,3,1,0,NULL,NULL,0),(1261,'æ£‹ç‰Œéº»å°†',134,3,1,0,NULL,NULL,0),(1262,'è½®æ»‘æ»‘æ¿',134,3,1,0,NULL,NULL,0),(1263,'å…¶ä»–',134,3,1,0,NULL,NULL,0),(1264,'0-6ä¸ªæœˆ',135,3,1,0,NULL,NULL,0),(1265,'6-12ä¸ªæœˆ',135,3,1,0,NULL,NULL,0),(1266,'1-3å²',135,3,1,0,NULL,NULL,0),(1267,'3-6å²',135,3,1,0,NULL,NULL,0),(1268,'6-14å²',135,3,1,0,NULL,NULL,0),(1269,'14å²ä»¥ä¸Š',135,3,1,0,NULL,NULL,0),(1270,'é¥æ§è½¦',136,3,1,0,NULL,NULL,0),(1271,'é¥æ§é£æœº',136,3,1,0,NULL,NULL,0),(1272,'é¥æ§èˆ¹',136,3,1,0,NULL,NULL,0),(1273,'æœºå™¨äºº',136,3,1,0,NULL,NULL,0),(1274,'è½¨é“/åŠ©åŠ›',136,3,1,0,NULL,NULL,0),(1275,'æ¯›ç»’/å¸ƒè‰º',137,3,1,0,NULL,NULL,0),(1276,'é å«/æŠ±æ•',137,3,1,0,NULL,NULL,0),(1277,'èŠ­æ¯”å¨ƒå¨ƒ',138,3,1,0,NULL,NULL,0),(1278,'å¡é€šå¨ƒå¨ƒ',138,3,1,0,NULL,NULL,0),(1279,'æ™ºèƒ½å¨ƒå¨ƒ',138,3,1,0,NULL,NULL,0),(1280,'ä»¿çœŸæ¨¡å‹',139,3,1,0,NULL,NULL,0),(1281,'æ‹¼æ’æ¨¡å‹',139,3,1,0,NULL,NULL,0),(1282,'æ”¶è—çˆ±å¥½',139,3,1,0,NULL,NULL,0),(1283,'ç‚«èˆæ¯¯',140,3,1,0,NULL,NULL,0),(1284,'çˆ¬è¡Œå«/æ¯¯',140,3,1,0,NULL,NULL,0),(1285,'æˆ·å¤–ç©å…·',140,3,1,0,NULL,NULL,0),(1286,'æˆæ°´ç©å…·',140,3,1,0,NULL,NULL,0),(1287,'ç”µå½±å‘¨è¾¹',141,3,1,0,NULL,NULL,0),(1288,'å¡é€šå‘¨è¾¹',141,3,1,0,NULL,NULL,0),(1289,'ç½‘æ¸¸å‘¨è¾¹',141,3,1,0,NULL,NULL,0),(1290,'æ‘‡é“ƒ/åºŠé“ƒ',142,3,1,0,NULL,NULL,0),(1291,'å¥èº«æ¶',142,3,1,0,NULL,NULL,0),(1292,'æ—©æ•™å¯æ™º',142,3,1,0,NULL,NULL,0),(1293,'æ‹–æ‹‰ç©å…·',142,3,1,0,NULL,NULL,0),(1294,'ç§¯æœ¨',143,3,1,0,NULL,NULL,0),(1295,'æ‹¼å›¾',143,3,1,0,NULL,NULL,0),(1296,'ç£åŠ›æ£’',143,3,1,0,NULL,NULL,0),(1297,'ç«‹ä½“æ‹¼æ’',143,3,1,0,NULL,NULL,0),(1298,'æ‰‹å·¥å½©æ³¥',144,3,1,0,NULL,NULL,0),(1299,'ç»˜ç”»å·¥å…·',144,3,1,0,NULL,NULL,0),(1300,'æƒ…æ™¯ç©å…·',144,3,1,0,NULL,NULL,0),(1301,'å‡å‹ç©å…·',145,3,1,0,NULL,NULL,0),(1302,'åˆ›æ„ç©å…·',145,3,1,0,NULL,NULL,0),(1303,'é’¢ç´',146,3,1,0,NULL,NULL,0),(1304,'ç”µå­ç´/ç”µé’¢ç´',146,3,1,0,NULL,NULL,0),(1305,'å‰ä»–/å°¤å…‹é‡Œé‡Œ',146,3,1,0,NULL,NULL,0),(1306,'æ‰“å‡»ä¹å™¨',146,3,1,0,NULL,NULL,0),(1307,'è¥¿æ´‹ç®¡å¼¦',146,3,1,0,NULL,NULL,0),(1308,'æ°‘æ—ç®¡å¼¦ä¹å™¨',146,3,1,0,NULL,NULL,0),(1309,'ä¹å™¨é…ä»¶',146,3,1,0,NULL,NULL,0),(1310,'ç”µè„‘éŸ³ä¹',146,3,1,0,NULL,NULL,0),(1311,'å·¥è‰ºç¤¼å“ä¹å™¨',146,3,1,0,NULL,NULL,0),(1312,'å£ç´/å£é£ç´/ç«–ç¬›',146,3,1,0,NULL,NULL,0),(1313,'æ‰‹é£ç´',146,3,1,0,NULL,NULL,0),(1314,'åŒè‰²çƒ',147,3,1,0,NULL,NULL,0),(1315,'å¤§ä¹é€',147,3,1,0,NULL,NULL,0),(1316,'ç¦å½©3D',147,3,1,0,NULL,NULL,0),(1317,'æ’åˆ—ä¸‰',147,3,1,0,NULL,NULL,0),(1318,'æ’åˆ—äº”',147,3,1,0,NULL,NULL,0),(1319,'ä¸ƒæ˜Ÿå½©',147,3,1,0,NULL,NULL,0),(1320,'ä¸ƒä¹å½©',147,3,1,0,NULL,NULL,0),(1321,'ç«å½©è¶³çƒ',147,3,1,0,NULL,NULL,0),(1322,'ç«å½©ç¯®çƒ',147,3,1,0,NULL,NULL,0),(1323,'æ–°æ—¶æ—¶å½©',147,3,1,0,NULL,NULL,0),(1324,'å›½å†…æœºç¥¨',148,3,1,0,NULL,NULL,0),(1325,'å›½å†…é…’åº—',149,3,1,0,NULL,NULL,0),(1326,'é…’åº—å›¢è´­',149,3,1,0,NULL,NULL,0),(1327,'åº¦å‡',150,3,1,0,NULL,NULL,0),(1328,'æ™¯ç‚¹',150,3,1,0,NULL,NULL,0),(1329,'ç§Ÿè½¦',150,3,1,0,NULL,NULL,0),(1330,'ç«è½¦ç¥¨',150,3,1,0,NULL,NULL,0),(1331,'æ—…æ¸¸å›¢è´­',150,3,1,0,NULL,NULL,0),(1332,'æ‰‹æœºå……å€¼',151,3,1,0,NULL,NULL,0),(1333,'æ¸¸æˆç‚¹å¡',152,3,1,0,NULL,NULL,0),(1334,'QQå……å€¼',152,3,1,0,NULL,NULL,0),(1335,'ç”µå½±ç¥¨',153,3,1,0,NULL,NULL,0),(1336,'æ¼”å”±ä¼š',153,3,1,0,NULL,NULL,0),(1337,'è¯å‰§æ­Œå‰§',153,3,1,0,NULL,NULL,0),(1338,'éŸ³ä¹ä¼š',153,3,1,0,NULL,NULL,0),(1339,'ä½“è‚²èµ›äº‹',153,3,1,0,NULL,NULL,0),(1340,'èˆè¹ˆèŠ­è•¾',153,3,1,0,NULL,NULL,0),(1341,'æˆæ›²ç»¼è‰º',153,3,1,0,NULL,NULL,0),(1342,'ä¸œåŒ—',154,3,1,0,NULL,NULL,0),(1343,'ååŒ—',154,3,1,0,NULL,NULL,0),(1344,'è¥¿åŒ—',154,3,1,0,NULL,NULL,0),(1345,'åä¸­',154,3,1,0,NULL,NULL,0),(1346,'åä¸œ',154,3,1,0,NULL,NULL,0),(1347,'åå—',154,3,1,0,NULL,NULL,0),(1348,'è¥¿å—',154,3,1,0,NULL,NULL,0),(1349,'è‹¹æœ',155,3,1,0,NULL,NULL,0),(1350,'æ©™å­',155,3,1,0,NULL,NULL,0),(1351,'å¥‡å¼‚æœ/çŒ•çŒ´æ¡ƒ',155,3,1,0,NULL,NULL,0),(1352,'è½¦å˜å­/æ¨±æ¡ƒ',155,3,1,0,NULL,NULL,0),(1353,'èŠ’æœ',155,3,1,0,NULL,NULL,0),(1354,'è“è“',155,3,1,0,NULL,NULL,0),(1355,'ç«é¾™æœ',155,3,1,0,NULL,NULL,0),(1356,'è‘¡è„/æå­',155,3,1,0,NULL,NULL,0),(1357,'æŸšå­',155,3,1,0,NULL,NULL,0),(1358,'é¦™è•‰',155,3,1,0,NULL,NULL,0),(1359,'ç‰›æ²¹æœ',155,3,1,0,NULL,NULL,0),(1360,'æ¢¨',155,3,1,0,NULL,NULL,0),(1361,'è è/å‡¤æ¢¨',155,3,1,0,NULL,NULL,0),(1362,'æ¡”/æ©˜',155,3,1,0,NULL,NULL,0),(1363,'æŸ æª¬',155,3,1,0,NULL,NULL,0),(1364,'è‰è“',155,3,1,0,NULL,NULL,0),(1365,'æ¡ƒ/æ/æ',155,3,1,0,NULL,NULL,0),(1366,'æ›´å¤šæ°´æœ',155,3,1,0,NULL,NULL,0),(1367,'æ°´æœç¤¼ç›’/åˆ¸',155,3,1,0,NULL,NULL,0),(1368,'ç‰›è‚‰',156,3,1,0,NULL,NULL,0),(1369,'ç¾Šè‚‰',156,3,1,0,NULL,NULL,0),(1370,'çŒªè‚‰',156,3,1,0,NULL,NULL,0),(1371,'å†…è„ç±»',156,3,1,0,NULL,NULL,0),(1372,'é±¼ç±»',157,3,1,0,NULL,NULL,0),(1373,'è™¾ç±»',157,3,1,0,NULL,NULL,0),(1374,'èŸ¹ç±»',157,3,1,0,NULL,NULL,0),(1375,'è´ç±»',157,3,1,0,NULL,NULL,0),(1376,'æµ·å‚',157,3,1,0,NULL,NULL,0),(1377,'æµ·äº§å¹²è´§',157,3,1,0,NULL,NULL,0),(1378,'å…¶ä»–æ°´äº§',157,3,1,0,NULL,NULL,0),(1379,'æµ·äº§ç¤¼ç›’',157,3,1,0,NULL,NULL,0),(1380,'é¸¡è‚‰',158,3,1,0,NULL,NULL,0),(1381,'é¸­è‚‰',158,3,1,0,NULL,NULL,0),(1382,'è›‹ç±»',158,3,1,0,NULL,NULL,0),(1383,'å…¶ä»–ç¦½ç±»',158,3,1,0,NULL,NULL,0),(1384,'æ°´é¥º/é¦„é¥¨',159,3,1,0,NULL,NULL,0),(1385,'æ±¤åœ†/å…ƒå®µ',159,3,1,0,NULL,NULL,0),(1386,'é¢ç‚¹',159,3,1,0,NULL,NULL,0),(1387,'ç«é”…ä¸¸ä¸²',159,3,1,0,NULL,NULL,0),(1388,'é€Ÿå†»åŠæˆå“',159,3,1,0,NULL,NULL,0),(1389,'å¥¶é…ªé»„æ²¹',159,3,1,0,NULL,NULL,0),(1390,'ç†Ÿé£Ÿ',160,3,1,0,NULL,NULL,0),(1391,'è…Šè‚ /è…Šè‚‰',160,3,1,0,NULL,NULL,0),(1392,'ç«è…¿',160,3,1,0,NULL,NULL,0),(1393,'ç³•ç‚¹',160,3,1,0,NULL,NULL,0),(1394,'ç¤¼å“å¡åˆ¸',160,3,1,0,NULL,NULL,0),(1395,'å†·è—æœè”¬æ±',161,3,1,0,NULL,NULL,0),(1396,'å†°æ¿€å‡Œ',161,3,1,0,NULL,NULL,0),(1397,'å…¶ä»–',161,3,1,0,NULL,NULL,0),(1398,'å¶èœç±»',162,3,1,0,NULL,NULL,0),(1399,'èŒ„æœç“œç±»',162,3,1,0,NULL,NULL,0),(1400,'æ ¹èŒç±»',162,3,1,0,NULL,NULL,0),(1401,'é²œèŒè‡',162,3,1,0,NULL,NULL,0),(1402,'è‘±å§œè’œæ¤’',162,3,1,0,NULL,NULL,0),(1403,'åŠåŠ å·¥è”¬èœ',162,3,1,0,NULL,NULL,0),(1404,'å¾®å‹è½¦',163,3,1,0,NULL,NULL,0),(1405,'å°å‹è½¦',163,3,1,0,NULL,NULL,0),(1406,'ç´§å‡‘å‹è½¦',163,3,1,0,NULL,NULL,0),(1407,'ä¸­å‹è½¦',163,3,1,0,NULL,NULL,0),(1408,'ä¸­å¤§å‹è½¦',163,3,1,0,NULL,NULL,0),(1409,'è±ªåè½¦',163,3,1,0,NULL,NULL,0),(1410,'MPV',163,3,1,0,NULL,NULL,0),(1411,'SUV',163,3,1,0,NULL,NULL,0),(1412,'è·‘è½¦',163,3,1,0,NULL,NULL,0),(1413,'å¾®å‹è½¦ï¼ˆäºŒæ‰‹ï¼‰',164,3,1,0,NULL,NULL,0),(1414,'å°å‹è½¦ï¼ˆäºŒæ‰‹ï¼‰',164,3,1,0,NULL,NULL,0),(1415,'ç´§å‡‘å‹è½¦ï¼ˆäºŒæ‰‹ï¼‰',164,3,1,0,NULL,NULL,0),(1416,'ä¸­å‹è½¦ï¼ˆäºŒæ‰‹ï¼‰',164,3,1,0,NULL,NULL,0),(1417,'ä¸­å¤§å‹è½¦ï¼ˆäºŒæ‰‹ï¼‰',164,3,1,0,NULL,NULL,0),(1418,'è±ªåè½¦ï¼ˆäºŒæ‰‹ï¼‰',164,3,1,0,NULL,NULL,0),(1419,'MPVï¼ˆäºŒæ‰‹ï¼‰',164,3,1,0,NULL,NULL,0),(1420,'SUVï¼ˆäºŒæ‰‹ï¼‰',164,3,1,0,NULL,NULL,0),(1421,'è·‘è½¦ï¼ˆäºŒæ‰‹ï¼‰',164,3,1,0,NULL,NULL,0),(1422,'çš®å¡ï¼ˆäºŒæ‰‹ï¼‰',164,3,1,0,NULL,NULL,0),(1423,'é¢åŒ…è½¦ï¼ˆäºŒæ‰‹ï¼‰',164,3,1,0,NULL,NULL,0);
/*!40000 ALTER TABLE `pms_category` ENABLE KEYS */;
UNLOCK TABLES;

--
-- Table structure for table `pms_category_brand_relation`
--

DROP TABLE IF EXISTS `pms_category_brand_relation`;
/*!40101 SET @saved_cs_client     = @@character_set_client */;
/*!40101 SET character_set_client = utf8 */;
CREATE TABLE `pms_category_brand_relation` (
  `id` bigint(20) NOT NULL AUTO_INCREMENT,
  `brand_id` bigint(20) DEFAULT NULL COMMENT 'å“ç‰Œid',
  `catelog_id` bigint(20) DEFAULT NULL COMMENT 'åˆ†ç±»id',
  `brand_name` varchar(255) DEFAULT NULL,
  `catelog_name` varchar(255) DEFAULT NULL,
  PRIMARY KEY (`id`)
) ENGINE=InnoDB AUTO_INCREMENT=6 DEFAULT CHARSET=utf8mb4 COMMENT='å“ç‰Œåˆ†ç±»å…³è”';
/*!40101 SET character_set_client = @saved_cs_client */;

--
-- Dumping data for table `pms_category_brand_relation`
--

LOCK TABLES `pms_category_brand_relation` WRITE;
/*!40000 ALTER TABLE `pms_category_brand_relation` DISABLE KEYS */;
INSERT INTO `pms_category_brand_relation` VALUES (1,1,225,'Apple','æ‰‹æœº'),(2,2,225,'åä¸º','æ‰‹æœº'),(3,3,225,'OPPO','æ‰‹æœº'),(4,4,225,'å°ç±³','æ‰‹æœº'),(5,4,250,'å°ç±³','å¹³æ¿ç”µè§†');
/*!40000 ALTER TABLE `pms_category_brand_relation` ENABLE KEYS */;
UNLOCK TABLES;

--
-- Table structure for table `pms_comment_replay`
--

DROP TABLE IF EXISTS `pms_comment_replay`;
/*!40101 SET @saved_cs_client     = @@character_set_client */;
/*!40101 SET character_set_client = utf8 */;
CREATE TABLE `pms_comment_replay` (
  `id` bigint(20) NOT NULL AUTO_INCREMENT COMMENT 'id',
  `comment_id` bigint(20) DEFAULT NULL COMMENT 'è¯„è®ºid',
  `reply_id` bigint(20) DEFAULT NULL COMMENT 'å›å¤id',
  PRIMARY KEY (`id`)
) ENGINE=InnoDB DEFAULT CHARSET=utf8mb4 COMMENT='å•†å“è¯„ä»·å›å¤å…³ç³»';
/*!40101 SET character_set_client = @saved_cs_client */;

--
-- Dumping data for table `pms_comment_replay`
--

LOCK TABLES `pms_comment_replay` WRITE;
/*!40000 ALTER TABLE `pms_comment_replay` DISABLE KEYS */;
/*!40000 ALTER TABLE `pms_comment_replay` ENABLE KEYS */;
UNLOCK TABLES;

--
-- Table structure for table `pms_product_attr_value`
--

DROP TABLE IF EXISTS `pms_product_attr_value`;
/*!40101 SET @saved_cs_client     = @@character_set_client */;
/*!40101 SET character_set_client = utf8 */;
CREATE TABLE `pms_product_attr_value` (
  `id` bigint(20) NOT NULL AUTO_INCREMENT COMMENT 'id',
  `spu_id` bigint(20) DEFAULT NULL COMMENT 'å•†å“id',
  `attr_id` bigint(20) DEFAULT NULL COMMENT 'å±æ€§id',
  `attr_name` varchar(200) DEFAULT NULL COMMENT 'å±æ€§å',
  `attr_value` varchar(200) DEFAULT NULL COMMENT 'å±æ€§å€¼',
  `attr_sort` int(11) DEFAULT NULL COMMENT 'é¡ºåº',
  `quick_show` tinyint(4) DEFAULT NULL COMMENT 'å¿«é€Ÿå±•ç¤ºã€æ˜¯å¦å±•ç¤ºåœ¨ä»‹ç»ä¸Šï¼›0-å¦ 1-æ˜¯ã€‘',
  PRIMARY KEY (`id`)
) ENGINE=InnoDB AUTO_INCREMENT=23 DEFAULT CHARSET=utf8mb4 COMMENT='spuå±æ€§å€¼';
/*!40101 SET character_set_client = @saved_cs_client */;

--
-- Dumping data for table `pms_product_attr_value`
--

LOCK TABLES `pms_product_attr_value` WRITE;
/*!40000 ALTER TABLE `pms_product_attr_value` DISABLE KEYS */;
INSERT INTO `pms_product_attr_value` VALUES (1,1,1,'å…¥ç½‘å‹å·','LIO-AN00',NULL,1),(2,1,2,'äº§å“åç§°','HUAWEI Mate 30 Pro 5G',NULL,1),(3,1,3,'ä¸Šå¸‚å¹´ä»½','2019',NULL,1),(4,1,4,'æœºèº«é•¿åº¦ï¼ˆmmï¼‰','158.1',NULL,1),(5,1,5,'æœºèº«å®½åº¦ï¼ˆmmï¼‰','73.1',NULL,1),(6,1,6,'æœºèº«é‡é‡ï¼ˆgï¼‰','198',NULL,1),(7,1,7,'æœºèº«åšåº¦ï¼ˆmmï¼‰','9.5',NULL,1),(8,1,8,'æœºèº«æè´¨å·¥è‰º','é‡‘å±è¾¹æ¡†',NULL,1),(9,1,9,'å±å¹•åƒç´ å¯†åº¦ï¼ˆppiï¼‰','448',NULL,1),(10,1,10,'å±å¹•æè´¨ç±»å‹','OLED',NULL,1),(11,1,11,'ä¸»å±å¹•å°ºå¯¸ï¼ˆè‹±å¯¸ï¼‰','6.53',NULL,1),(12,2,1,'å…¥ç½‘å‹å·','LIO-AN00',NULL,1),(13,2,2,'äº§å“åç§°','HUAWEI Mate 30 Pro 5G',NULL,1),(14,2,3,'ä¸Šå¸‚å¹´ä»½','2019',NULL,1),(15,2,4,'æœºèº«é•¿åº¦ï¼ˆmmï¼‰','158.1',NULL,1),(16,2,5,'æœºèº«å®½åº¦ï¼ˆmmï¼‰','73.1',NULL,1),(17,2,6,'æœºèº«é‡é‡ï¼ˆgï¼‰','198',NULL,1),(18,2,7,'æœºèº«åšåº¦ï¼ˆmmï¼‰','9.5',NULL,1),(19,2,8,'æœºèº«æè´¨å·¥è‰º','é‡‘å±è¾¹æ¡†',NULL,1),(20,2,9,'å±å¹•åƒç´ å¯†åº¦ï¼ˆppiï¼‰','448',NULL,1),(21,2,10,'å±å¹•æè´¨ç±»å‹','OLED',NULL,1),(22,2,11,'ä¸»å±å¹•å°ºå¯¸ï¼ˆè‹±å¯¸ï¼‰','6.53',NULL,1);
/*!40000 ALTER TABLE `pms_product_attr_value` ENABLE KEYS */;
UNLOCK TABLES;

--
-- Table structure for table `pms_sku_images`
--

DROP TABLE IF EXISTS `pms_sku_images`;
/*!40101 SET @saved_cs_client     = @@character_set_client */;
/*!40101 SET character_set_client = utf8 */;
CREATE TABLE `pms_sku_images` (
  `id` bigint(20) NOT NULL AUTO_INCREMENT COMMENT 'id',
  `sku_id` bigint(20) DEFAULT NULL COMMENT 'sku_id',
  `img_url` varchar(255) DEFAULT NULL COMMENT 'å›¾ç‰‡åœ°å€',
  `img_sort` int(11) DEFAULT NULL COMMENT 'æ’åº',
  `default_img` int(11) DEFAULT NULL COMMENT 'é»˜è®¤å›¾[0 - ä¸æ˜¯é»˜è®¤å›¾ï¼Œ1 - æ˜¯é»˜è®¤å›¾]',
  PRIMARY KEY (`id`)
) ENGINE=InnoDB AUTO_INCREMENT=65 DEFAULT CHARSET=utf8mb4 COMMENT='skuå›¾ç‰‡';
/*!40101 SET character_set_client = @saved_cs_client */;

--
-- Dumping data for table `pms_sku_images`
--

LOCK TABLES `pms_sku_images` WRITE;
/*!40000 ALTER TABLE `pms_sku_images` DISABLE KEYS */;
INSERT INTO `pms_sku_images` VALUES (1,1,'https://catmall.oss-cn-beijing.aliyuncs.com/2020-05-24//0ce37922-d1ef-47a4-8f1c-040d7f37830f_0d40c24b264aa511.jpg',NULL,1),(2,1,'https://catmall.oss-cn-beijing.aliyuncs.com/2020-05-24//cbad9969-5880-47de-89ce-71bee8f36cc9_28f296629cca865e.jpg',NULL,0),(3,2,'https://catmall.oss-cn-beijing.aliyuncs.com/2020-05-24//74411825-83a7-40d3-8e98-660d83535ee7_8bf441260bffa42f.jpg',NULL,1),(4,2,'https://catmall.oss-cn-beijing.aliyuncs.com/2020-05-24//7778876e-71b4-4c04-8109-662d37c2473a_23d9fbb256ea5d4a.jpg',NULL,0),(5,3,'https://catmall.oss-cn-beijing.aliyuncs.com/2020-05-24//7778876e-71b4-4c04-8109-662d37c2473a_23d9fbb256ea5d4a.jpg',NULL,1),(6,3,'https://catmall.oss-cn-beijing.aliyuncs.com/2020-05-24//eb3dd3d3-3e5a-4677-8e33-6baa6d6551f8_73ab4d2e818d2211.jpg',NULL,0),(7,4,'https://catmall.oss-cn-beijing.aliyuncs.com/2020-05-24//74411825-83a7-40d3-8e98-660d83535ee7_8bf441260bffa42f.jpg',NULL,0),(8,4,'https://catmall.oss-cn-beijing.aliyuncs.com/2020-05-24//cbad9969-5880-47de-89ce-71bee8f36cc9_28f296629cca865e.jpg',NULL,1),(9,5,'https://catmall.oss-cn-beijing.aliyuncs.com/2020-05-24//7778876e-71b4-4c04-8109-662d37c2473a_23d9fbb256ea5d4a.jpg',NULL,1),(10,6,'https://catmall.oss-cn-beijing.aliyuncs.com/2020-05-24//0ce37922-d1ef-47a4-8f1c-040d7f37830f_0d40c24b264aa511.jpg',NULL,1),(11,6,'https://catmall.oss-cn-beijing.aliyuncs.com/2020-05-24//cbad9969-5880-47de-89ce-71bee8f36cc9_28f296629cca865e.jpg',NULL,0),(12,7,'https://catmall.oss-cn-beijing.aliyuncs.com/2020-05-24//0ce37922-d1ef-47a4-8f1c-040d7f37830f_0d40c24b264aa511.jpg',NULL,1),(13,8,'https://catmall.oss-cn-beijing.aliyuncs.com/2020-05-24//0ce37922-d1ef-47a4-8f1c-040d7f37830f_0d40c24b264aa511.jpg',NULL,1),(14,9,'https://catmall.oss-cn-beijing.aliyuncs.com/2020-05-24//0ce37922-d1ef-47a4-8f1c-040d7f37830f_0d40c24b264aa511.jpg',NULL,1),(15,10,'https://catmall.oss-cn-beijing.aliyuncs.com/2020-05-24//0ce37922-d1ef-47a4-8f1c-040d7f37830f_0d40c24b264aa511.jpg',NULL,1),(16,11,'https://catmall.oss-cn-beijing.aliyuncs.com/2020-05-24//0ce37922-d1ef-47a4-8f1c-040d7f37830f_0d40c24b264aa511.jpg',NULL,1),(17,12,'https://catmall.oss-cn-beijing.aliyuncs.com/2020-05-24//0ce37922-d1ef-47a4-8f1c-040d7f37830f_0d40c24b264aa511.jpg',NULL,1),(18,13,'https://catmall.oss-cn-beijing.aliyuncs.com/2020-05-24//0ce37922-d1ef-47a4-8f1c-040d7f37830f_0d40c24b264aa511.jpg',NULL,1),(19,14,'https://catmall.oss-cn-beijing.aliyuncs.com/2020-05-24//0ce37922-d1ef-47a4-8f1c-040d7f37830f_0d40c24b264aa511.jpg',NULL,1),(20,15,'https://catmall.oss-cn-beijing.aliyuncs.com/2020-05-24//0ce37922-d1ef-47a4-8f1c-040d7f37830f_0d40c24b264aa511.jpg',NULL,1),(21,16,'https://catmall.oss-cn-beijing.aliyuncs.com/2020-05-24//0ce37922-d1ef-47a4-8f1c-040d7f37830f_0d40c24b264aa511.jpg',NULL,1),(22,17,'https://catmall.oss-cn-beijing.aliyuncs.com/2020-05-24//0ce37922-d1ef-47a4-8f1c-040d7f37830f_0d40c24b264aa511.jpg',NULL,1),(23,18,'https://catmall.oss-cn-beijing.aliyuncs.com/2020-05-24//0ce37922-d1ef-47a4-8f1c-040d7f37830f_0d40c24b264aa511.jpg',NULL,0),(24,19,'https://catmall.oss-cn-beijing.aliyuncs.com/2020-05-24//1742b174-8e62-4a94-8d3a-ef0e7d82ea0b_5b5e74d0978360a1.jpg',NULL,1),(25,19,'https://catmall.oss-cn-beijing.aliyuncs.com/2020-05-24//69bdaf67-90c7-4c0e-8e7a-8de86aa12c98_6a1b2703a9ed8737.jpg',NULL,0),(26,19,'https://catmall.oss-cn-beijing.aliyuncs.com/2020-05-24//d2847af4-5cc5-4ee7-8c54-524441fae8e2_7ae0120ec27dc3a7.jpg',NULL,0),(27,20,'https://catmall.oss-cn-beijing.aliyuncs.com/2020-05-24//1742b174-8e62-4a94-8d3a-ef0e7d82ea0b_5b5e74d0978360a1.jpg',NULL,1),(28,20,'https://catmall.oss-cn-beijing.aliyuncs.com/2020-05-24//69bdaf67-90c7-4c0e-8e7a-8de86aa12c98_6a1b2703a9ed8737.jpg',NULL,0),(29,20,'https://catmall.oss-cn-beijing.aliyuncs.com/2020-05-24//d2847af4-5cc5-4ee7-8c54-524441fae8e2_7ae0120ec27dc3a7.jpg',NULL,0),(30,20,'https://catmall.oss-cn-beijing.aliyuncs.com/2020-05-24//d48df2b6-6749-4a90-8326-dddfbf3c509f_b8494bf281991f94.jpg',NULL,0),(31,21,'https://catmall.oss-cn-beijing.aliyuncs.com/2020-05-24//4ea1cf6a-bf57-4727-82c1-57113df22687_749d8efdff062fb0.jpg',NULL,1),(32,21,'https://catmall.oss-cn-beijing.aliyuncs.com/2020-05-24//7dc3b4bb-268d-4c51-85ee-90c747df5830_a2c208410ae84d1f.jpg',NULL,0),(33,21,'https://catmall.oss-cn-beijing.aliyuncs.com/2020-05-24//d48df2b6-6749-4a90-8326-dddfbf3c509f_b8494bf281991f94.jpg',NULL,0),(34,21,'https://catmall.oss-cn-beijing.aliyuncs.com/2020-05-24//f602fa2f-9dfb-4bf3-826e-b4bb6bd6b3a4_e3284f319e256a5d.jpg',NULL,0),(35,22,'https://catmall.oss-cn-beijing.aliyuncs.com/2020-05-24//1742b174-8e62-4a94-8d3a-ef0e7d82ea0b_5b5e74d0978360a1.jpg',NULL,0),(36,22,'https://catmall.oss-cn-beijing.aliyuncs.com/2020-05-24//d2847af4-5cc5-4ee7-8c54-524441fae8e2_7ae0120ec27dc3a7.jpg',NULL,0),(37,22,'https://catmall.oss-cn-beijing.aliyuncs.com/2020-05-24//7dc3b4bb-268d-4c51-85ee-90c747df5830_a2c208410ae84d1f.jpg',NULL,0),(38,22,'https://catmall.oss-cn-beijing.aliyuncs.com/2020-05-24//d48df2b6-6749-4a90-8326-dddfbf3c509f_b8494bf281991f94.jpg',NULL,0),(39,23,'https://catmall.oss-cn-beijing.aliyuncs.com/2020-05-24//d2847af4-5cc5-4ee7-8c54-524441fae8e2_7ae0120ec27dc3a7.jpg',NULL,1),(40,23,'https://catmall.oss-cn-beijing.aliyuncs.com/2020-05-24//4ea1cf6a-bf57-4727-82c1-57113df22687_749d8efdff062fb0.jpg',NULL,0),(41,23,'https://catmall.oss-cn-beijing.aliyuncs.com/2020-05-24//f602fa2f-9dfb-4bf3-826e-b4bb6bd6b3a4_e3284f319e256a5d.jpg',NULL,0),(42,24,'https://catmall.oss-cn-beijing.aliyuncs.com/2020-05-24//1742b174-8e62-4a94-8d3a-ef0e7d82ea0b_5b5e74d0978360a1.jpg',NULL,0),(43,24,'https://catmall.oss-cn-beijing.aliyuncs.com/2020-05-24//69bdaf67-90c7-4c0e-8e7a-8de86aa12c98_6a1b2703a9ed8737.jpg',NULL,1),(44,24,'https://catmall.oss-cn-beijing.aliyuncs.com/2020-05-24//4ea1cf6a-bf57-4727-82c1-57113df22687_749d8efdff062fb0.jpg',NULL,0),(45,24,'https://catmall.oss-cn-beijing.aliyuncs.com/2020-05-24//7dc3b4bb-268d-4c51-85ee-90c747df5830_a2c208410ae84d1f.jpg',NULL,0),(46,25,'https://catmall.oss-cn-beijing.aliyuncs.com/2020-05-24//1742b174-8e62-4a94-8d3a-ef0e7d82ea0b_5b5e74d0978360a1.jpg',NULL,1),(47,25,'https://catmall.oss-cn-beijing.aliyuncs.com/2020-05-24//69bdaf67-90c7-4c0e-8e7a-8de86aa12c98_6a1b2703a9ed8737.jpg',NULL,0),(48,25,'https://catmall.oss-cn-beijing.aliyuncs.com/2020-05-24//d2847af4-5cc5-4ee7-8c54-524441fae8e2_7ae0120ec27dc3a7.jpg',NULL,0),(49,25,'https://catmall.oss-cn-beijing.aliyuncs.com/2020-05-24//80e54d15-c4cd-459b-8d82-949973a80994_63e862164165f483.jpg',NULL,0),(50,25,'https://catmall.oss-cn-beijing.aliyuncs.com/2020-05-24//f602fa2f-9dfb-4bf3-826e-b4bb6bd6b3a4_e3284f319e256a5d.jpg',NULL,0),(51,26,'https://catmall.oss-cn-beijing.aliyuncs.com/2020-05-24//7dc3b4bb-268d-4c51-85ee-90c747df5830_a2c208410ae84d1f.jpg',NULL,1),(52,26,'https://catmall.oss-cn-beijing.aliyuncs.com/2020-05-24//d48df2b6-6749-4a90-8326-dddfbf3c509f_b8494bf281991f94.jpg',NULL,0),(53,27,'https://catmall.oss-cn-beijing.aliyuncs.com/2020-05-24//d2847af4-5cc5-4ee7-8c54-524441fae8e2_7ae0120ec27dc3a7.jpg',NULL,0),(54,27,'https://catmall.oss-cn-beijing.aliyuncs.com/2020-05-24//7dc3b4bb-268d-4c51-85ee-90c747df5830_a2c208410ae84d1f.jpg',NULL,0),(55,27,'https://catmall.oss-cn-beijing.aliyuncs.com/2020-05-24//d48df2b6-6749-4a90-8326-dddfbf3c509f_b8494bf281991f94.jpg',NULL,1),(56,28,'https://catmall.oss-cn-beijing.aliyuncs.com/2020-05-24//d2847af4-5cc5-4ee7-8c54-524441fae8e2_7ae0120ec27dc3a7.jpg',NULL,0),(57,28,'https://catmall.oss-cn-beijing.aliyuncs.com/2020-05-24//7dc3b4bb-268d-4c51-85ee-90c747df5830_a2c208410ae84d1f.jpg',NULL,1),(58,28,'https://catmall.oss-cn-beijing.aliyuncs.com/2020-05-24//d48df2b6-6749-4a90-8326-dddfbf3c509f_b8494bf281991f94.jpg',NULL,0),(59,29,'https://catmall.oss-cn-beijing.aliyuncs.com/2020-05-24//d2847af4-5cc5-4ee7-8c54-524441fae8e2_7ae0120ec27dc3a7.jpg',NULL,0),(60,29,'https://catmall.oss-cn-beijing.aliyuncs.com/2020-05-24//7dc3b4bb-268d-4c51-85ee-90c747df5830_a2c208410ae84d1f.jpg',NULL,1),(61,29,'https://catmall.oss-cn-beijing.aliyuncs.com/2020-05-24//d48df2b6-6749-4a90-8326-dddfbf3c509f_b8494bf281991f94.jpg',NULL,0),(62,30,'https://catmall.oss-cn-beijing.aliyuncs.com/2020-05-24//d2847af4-5cc5-4ee7-8c54-524441fae8e2_7ae0120ec27dc3a7.jpg',NULL,0),(63,30,'https://catmall.oss-cn-beijing.aliyuncs.com/2020-05-24//7dc3b4bb-268d-4c51-85ee-90c747df5830_a2c208410ae84d1f.jpg',NULL,1),(64,30,'https://catmall.oss-cn-beijing.aliyuncs.com/2020-05-24//d48df2b6-6749-4a90-8326-dddfbf3c509f_b8494bf281991f94.jpg',NULL,0);
/*!40000 ALTER TABLE `pms_sku_images` ENABLE KEYS */;
UNLOCK TABLES;

--
-- Table structure for table `pms_sku_info`
--

DROP TABLE IF EXISTS `pms_sku_info`;
/*!40101 SET @saved_cs_client     = @@character_set_client */;
/*!40101 SET character_set_client = utf8 */;
CREATE TABLE `pms_sku_info` (
  `sku_id` bigint(20) NOT NULL AUTO_INCREMENT COMMENT 'skuId',
  `spu_id` bigint(20) DEFAULT NULL COMMENT 'spuId',
  `sku_name` varchar(255) DEFAULT NULL COMMENT 'skuåç§°',
  `sku_desc` varchar(2000) DEFAULT NULL COMMENT 'skuä»‹ç»æè¿°',
  `catalog_id` bigint(20) DEFAULT NULL COMMENT 'æ‰€å±åˆ†ç±»id',
  `brand_id` bigint(20) DEFAULT NULL COMMENT 'å“ç‰Œid',
  `sku_default_img` varchar(255) DEFAULT NULL COMMENT 'é»˜è®¤å›¾ç‰‡',
  `sku_title` varchar(255) DEFAULT NULL COMMENT 'æ ‡é¢˜',
  `sku_subtitle` varchar(2000) DEFAULT NULL COMMENT 'å‰¯æ ‡é¢˜',
  `price` decimal(18,4) DEFAULT NULL COMMENT 'ä»·æ ¼',
  `sale_count` bigint(20) DEFAULT NULL COMMENT 'é”€é‡',
  PRIMARY KEY (`sku_id`)
) ENGINE=InnoDB AUTO_INCREMENT=31 DEFAULT CHARSET=utf8mb4 COMMENT='skuä¿¡æ¯';
/*!40101 SET character_set_client = @saved_cs_client */;

--
-- Dumping data for table `pms_sku_info`
--

LOCK TABLES `pms_sku_info` WRITE;
/*!40000 ALTER TABLE `pms_sku_info` DISABLE KEYS */;
INSERT INTO `pms_sku_info` VALUES (1,1,'åä¸º HUAWEI Mate 30 Pro äº®é»‘è‰² 8GB+128GB',NULL,225,2,'https://catmall.oss-cn-beijing.aliyuncs.com/2020-05-24//0ce37922-d1ef-47a4-8f1c-040d7f37830f_0d40c24b264aa511.jpg','åä¸º HUAWEI Mate 30 Pro äº®é»‘è‰² 8GB+128GB','ã€åˆ°æ‰‹ä»·6399å…ƒï¼äº«12æœŸå…æ¯ï¼ä½è‡³17.6å…ƒ/å¤©ã€‘ä¹°5Gæ‰‹æœºï¼Œé€10ä¸‡äº¬è±†æˆ–2400Gæµé‡ï¼›',5899.0000,0),(2,1,'åä¸º HUAWEI Mate 30 Pro äº®é»‘è‰² 8GB+256GB',NULL,225,2,'https://catmall.oss-cn-beijing.aliyuncs.com/2020-05-24//74411825-83a7-40d3-8e98-660d83535ee7_8bf441260bffa42f.jpg','åä¸º HUAWEI Mate 30 Pro äº®é»‘è‰² 8GB+256GB','ã€åˆ°æ‰‹ä»·6399å…ƒï¼äº«12æœŸå…æ¯ï¼ä½è‡³17.6å…ƒ/å¤©ã€‘ä¹°5Gæ‰‹æœºï¼Œé€10ä¸‡äº¬è±†æˆ–2400Gæµé‡ï¼›',6399.0000,0),(3,1,'åä¸º HUAWEI Mate 30 Pro äº®é»‘è‰² 8GB+512GB',NULL,225,2,'https://catmall.oss-cn-beijing.aliyuncs.com/2020-05-24//7778876e-71b4-4c04-8109-662d37c2473a_23d9fbb256ea5d4a.jpg','åä¸º HUAWEI Mate 30 Pro äº®é»‘è‰² 8GB+512GB','ã€åˆ°æ‰‹ä»·6399å…ƒï¼äº«12æœŸå…æ¯ï¼ä½è‡³17.6å…ƒ/å¤©ã€‘ä¹°5Gæ‰‹æœºï¼Œé€10ä¸‡äº¬è±†æˆ–2400Gæµé‡ï¼›',7399.0000,0),(4,1,'åä¸º HUAWEI Mate 30 Pro æ˜Ÿæ²³é“¶ 8GB+128GB',NULL,225,2,'https://catmall.oss-cn-beijing.aliyuncs.com/2020-05-24//cbad9969-5880-47de-89ce-71bee8f36cc9_28f296629cca865e.jpg','åä¸º HUAWEI Mate 30 Pro æ˜Ÿæ²³é“¶ 8GB+128GB','ã€åˆ°æ‰‹ä»·6399å…ƒï¼äº«12æœŸå…æ¯ï¼ä½è‡³17.6å…ƒ/å¤©ã€‘ä¹°5Gæ‰‹æœºï¼Œé€10ä¸‡äº¬è±†æˆ–2400Gæµé‡ï¼›',5899.0000,0),(5,1,'åä¸º HUAWEI Mate 30 Pro æ˜Ÿæ²³é“¶ 8GB+256GB',NULL,225,2,'https://catmall.oss-cn-beijing.aliyuncs.com/2020-05-24//7778876e-71b4-4c04-8109-662d37c2473a_23d9fbb256ea5d4a.jpg','åä¸º HUAWEI Mate 30 Pro æ˜Ÿæ²³é“¶ 8GB+256GB','ã€åˆ°æ‰‹ä»·6399å…ƒï¼äº«12æœŸå…æ¯ï¼ä½è‡³17.6å…ƒ/å¤©ã€‘ä¹°5Gæ‰‹æœºï¼Œé€10ä¸‡äº¬è±†æˆ–2400Gæµé‡ï¼›',6399.0000,0),(6,1,'åä¸º HUAWEI Mate 30 Pro æ˜Ÿæ²³é“¶ 8GB+512GB',NULL,225,2,'https://catmall.oss-cn-beijing.aliyuncs.com/2020-05-24//0ce37922-d1ef-47a4-8f1c-040d7f37830f_0d40c24b264aa511.jpg','åä¸º HUAWEI Mate 30 Pro æ˜Ÿæ²³é“¶ 8GB+512GB','ã€åˆ°æ‰‹ä»·6399å…ƒï¼äº«12æœŸå…æ¯ï¼ä½è‡³17.6å…ƒ/å¤©ã€‘ä¹°5Gæ‰‹æœºï¼Œé€10ä¸‡äº¬è±†æˆ–2400Gæµé‡ï¼›',7399.0000,0),(7,1,'åä¸º HUAWEI Mate 30 Pro é’å±±é»› 8GB+128GB',NULL,225,2,'https://catmall.oss-cn-beijing.aliyuncs.com/2020-05-24//0ce37922-d1ef-47a4-8f1c-040d7f37830f_0d40c24b264aa511.jpg','åä¸º HUAWEI Mate 30 Pro é’å±±é»› 8GB+128GB','ã€åˆ°æ‰‹ä»·6399å…ƒï¼äº«12æœŸå…æ¯ï¼ä½è‡³17.6å…ƒ/å¤©ã€‘ä¹°5Gæ‰‹æœºï¼Œé€10ä¸‡äº¬è±†æˆ–2400Gæµé‡ï¼›',5899.0000,0),(8,1,'åä¸º HUAWEI Mate 30 Pro é’å±±é»› 8GB+256GB',NULL,225,2,'https://catmall.oss-cn-beijing.aliyuncs.com/2020-05-24//0ce37922-d1ef-47a4-8f1c-040d7f37830f_0d40c24b264aa511.jpg','åä¸º HUAWEI Mate 30 Pro é’å±±é»› 8GB+256GB','ã€åˆ°æ‰‹ä»·6399å…ƒï¼äº«12æœŸå…æ¯ï¼ä½è‡³17.6å…ƒ/å¤©ã€‘ä¹°5Gæ‰‹æœºï¼Œé€10ä¸‡äº¬è±†æˆ–2400Gæµé‡ï¼›',6399.0000,0),(9,1,'åä¸º HUAWEI Mate 30 Pro é’å±±é»› 8GB+512GB',NULL,225,2,'https://catmall.oss-cn-beijing.aliyuncs.com/2020-05-24//0ce37922-d1ef-47a4-8f1c-040d7f37830f_0d40c24b264aa511.jpg','åä¸º HUAWEI Mate 30 Pro é’å±±é»› 8GB+512GB','ã€åˆ°æ‰‹ä»·6399å…ƒï¼äº«12æœŸå…æ¯ï¼ä½è‡³17.6å…ƒ/å¤©ã€‘ä¹°5Gæ‰‹æœºï¼Œé€10ä¸‡äº¬è±†æˆ–2400Gæµé‡ï¼›',7399.0000,0),(10,1,'åä¸º HUAWEI Mate 30 Pro ç½—å…°ç´« 8GB+128GB',NULL,225,2,'https://catmall.oss-cn-beijing.aliyuncs.com/2020-05-24//0ce37922-d1ef-47a4-8f1c-040d7f37830f_0d40c24b264aa511.jpg','åä¸º HUAWEI Mate 30 Pro ç½—å…°ç´« 8GB+128GB','ã€åˆ°æ‰‹ä»·6399å…ƒï¼äº«12æœŸå…æ¯ï¼ä½è‡³17.6å…ƒ/å¤©ã€‘ä¹°5Gæ‰‹æœºï¼Œé€10ä¸‡äº¬è±†æˆ–2400Gæµé‡ï¼›',5899.0000,0),(11,1,'åä¸º HUAWEI Mate 30 Pro ç½—å…°ç´« 8GB+256GB',NULL,225,2,'https://catmall.oss-cn-beijing.aliyuncs.com/2020-05-24//0ce37922-d1ef-47a4-8f1c-040d7f37830f_0d40c24b264aa511.jpg','åä¸º HUAWEI Mate 30 Pro ç½—å…°ç´« 8GB+256GB','ã€åˆ°æ‰‹ä»·6399å…ƒï¼äº«12æœŸå…æ¯ï¼ä½è‡³17.6å…ƒ/å¤©ã€‘ä¹°5Gæ‰‹æœºï¼Œé€10ä¸‡äº¬è±†æˆ–2400Gæµé‡ï¼›',6399.0000,0),(12,1,'åä¸º HUAWEI Mate 30 Pro ç½—å…°ç´« 8GB+512GB',NULL,225,2,'https://catmall.oss-cn-beijing.aliyuncs.com/2020-05-24//0ce37922-d1ef-47a4-8f1c-040d7f37830f_0d40c24b264aa511.jpg','åä¸º HUAWEI Mate 30 Pro ç½—å…°ç´« 8GB+512GB','ã€åˆ°æ‰‹ä»·6399å…ƒï¼äº«12æœŸå…æ¯ï¼ä½è‡³17.6å…ƒ/å¤©ã€‘ä¹°5Gæ‰‹æœºï¼Œé€10ä¸‡äº¬è±†æˆ–2400Gæµé‡ï¼›',7399.0000,0),(13,1,'åä¸º HUAWEI Mate 30 Pro ç¿¡å†·ç¿  8GB+128GB',NULL,225,2,'https://catmall.oss-cn-beijing.aliyuncs.com/2020-05-24//0ce37922-d1ef-47a4-8f1c-040d7f37830f_0d40c24b264aa511.jpg','åä¸º HUAWEI Mate 30 Pro ç¿¡å†·ç¿  8GB+128GB','ã€åˆ°æ‰‹ä»·6399å…ƒï¼äº«12æœŸå…æ¯ï¼ä½è‡³17.6å…ƒ/å¤©ã€‘ä¹°5Gæ‰‹æœºï¼Œé€10ä¸‡äº¬è±†æˆ–2400Gæµé‡ï¼›',5899.0000,0),(14,1,'åä¸º HUAWEI Mate 30 Pro ç¿¡å†·ç¿  8GB+256GB',NULL,225,2,'https://catmall.oss-cn-beijing.aliyuncs.com/2020-05-24//0ce37922-d1ef-47a4-8f1c-040d7f37830f_0d40c24b264aa511.jpg','åä¸º HUAWEI Mate 30 Pro ç¿¡å†·ç¿  8GB+256GB','ã€åˆ°æ‰‹ä»·6399å…ƒï¼äº«12æœŸå…æ¯ï¼ä½è‡³17.6å…ƒ/å¤©ã€‘ä¹°5Gæ‰‹æœºï¼Œé€10ä¸‡äº¬è±†æˆ–2400Gæµé‡ï¼›',6399.0000,0),(15,1,'åä¸º HUAWEI Mate 30 Pro ç¿¡å†·ç¿  8GB+512GB',NULL,225,2,'https://catmall.oss-cn-beijing.aliyuncs.com/2020-05-24//0ce37922-d1ef-47a4-8f1c-040d7f37830f_0d40c24b264aa511.jpg','åä¸º HUAWEI Mate 30 Pro ç¿¡å†·ç¿  8GB+512GB','ã€åˆ°æ‰‹ä»·6399å…ƒï¼äº«12æœŸå…æ¯ï¼ä½è‡³17.6å…ƒ/å¤©ã€‘ä¹°5Gæ‰‹æœºï¼Œé€10ä¸‡äº¬è±†æˆ–2400Gæµé‡ï¼›',7399.0000,0),(16,1,'åä¸º HUAWEI Mate 30 Pro ä¸¹éœæ©™ 8GB+128GB',NULL,225,2,'https://catmall.oss-cn-beijing.aliyuncs.com/2020-05-24//0ce37922-d1ef-47a4-8f1c-040d7f37830f_0d40c24b264aa511.jpg','åä¸º HUAWEI Mate 30 Pro ä¸¹éœæ©™ 8GB+128GB','ã€åˆ°æ‰‹ä»·6399å…ƒï¼äº«12æœŸå…æ¯ï¼ä½è‡³17.6å…ƒ/å¤©ã€‘ä¹°5Gæ‰‹æœºï¼Œé€10ä¸‡äº¬è±†æˆ–2400Gæµé‡ï¼›',5899.0000,0),(17,1,'åä¸º HUAWEI Mate 30 Pro ä¸¹éœæ©™ 8GB+256GB',NULL,225,2,'https://catmall.oss-cn-beijing.aliyuncs.com/2020-05-24//0ce37922-d1ef-47a4-8f1c-040d7f37830f_0d40c24b264aa511.jpg','åä¸º HUAWEI Mate 30 Pro ä¸¹éœæ©™ 8GB+256GB','ã€åˆ°æ‰‹ä»·6399å…ƒï¼äº«12æœŸå…æ¯ï¼ä½è‡³17.6å…ƒ/å¤©ã€‘ä¹°5Gæ‰‹æœºï¼Œé€10ä¸‡äº¬è±†æˆ–2400Gæµé‡ï¼›',6399.0000,0),(18,1,'åä¸º HUAWEI Mate 30 Pro ä¸¹éœæ©™ 8GB+512GB',NULL,225,2,'','åä¸º HUAWEI Mate 30 Pro ä¸¹éœæ©™ 8GB+512GB','ã€åˆ°æ‰‹ä»·6399å…ƒï¼äº«12æœŸå…æ¯ï¼ä½è‡³17.6å…ƒ/å¤©ã€‘ä¹°5Gæ‰‹æœºï¼Œé€10ä¸‡äº¬è±†æˆ–2400Gæµé‡ï¼›',7399.0000,0),(19,2,'Apple iPhone 11 Pro Max (A2220)  æš—å¤œç»¿è‰² 64GB',NULL,225,1,'https://catmall.oss-cn-beijing.aliyuncs.com/2020-05-24//1742b174-8e62-4a94-8d3a-ef0e7d82ea0b_5b5e74d0978360a1.jpg','Apple iPhone 11 Pro Max (A2220)  æš—å¤œç»¿è‰² 64GB','iPhoneçˆ†å“é™æ—¶ç‰¹æƒ ï¼å¤§é¢ç¥åˆ¸æŠ¢è´­ä¸­ï¼iPhone11ProMaxç«‹å‡1600å…ƒï¼ŒXR256GBé»„è‰²ä½è‡³4699å…ƒï¼ŒXSMaxæŠ¢åˆ¸ç«‹å‡500å…ƒï¼',9599.0000,0),(20,2,'Apple iPhone 11 Pro Max (A2220)  æš—å¤œç»¿è‰² 256GB',NULL,225,1,'https://catmall.oss-cn-beijing.aliyuncs.com/2020-05-24//1742b174-8e62-4a94-8d3a-ef0e7d82ea0b_5b5e74d0978360a1.jpg','Apple iPhone 11 Pro Max (A2220)  æš—å¤œç»¿è‰² 256GB','iPhoneçˆ†å“é™æ—¶ç‰¹æƒ ï¼å¤§é¢ç¥åˆ¸æŠ¢è´­ä¸­ï¼iPhone11ProMaxç«‹å‡1600å…ƒï¼ŒXR256GBé»„è‰²ä½è‡³4699å…ƒï¼ŒXSMaxæŠ¢åˆ¸ç«‹å‡500å…ƒï¼',10899.0000,0),(21,2,'Apple iPhone 11 Pro Max (A2220)  æš—å¤œç»¿è‰² 512GB',NULL,225,1,'https://catmall.oss-cn-beijing.aliyuncs.com/2020-05-24//4ea1cf6a-bf57-4727-82c1-57113df22687_749d8efdff062fb0.jpg','Apple iPhone 11 Pro Max (A2220)  æš—å¤œç»¿è‰² 512GB','iPhoneçˆ†å“é™æ—¶ç‰¹æƒ ï¼å¤§é¢ç¥åˆ¸æŠ¢è´­ä¸­ï¼iPhone11ProMaxç«‹å‡1600å…ƒï¼ŒXR256GBé»„è‰²ä½è‡³4699å…ƒï¼ŒXSMaxæŠ¢åˆ¸ç«‹å‡500å…ƒï¼',12699.0000,0),(22,2,'Apple iPhone 11 Pro Max (A2220)  é‡‘è‰² 64GB',NULL,225,1,'','Apple iPhone 11 Pro Max (A2220)  é‡‘è‰² 64GB','iPhoneçˆ†å“é™æ—¶ç‰¹æƒ ï¼å¤§é¢ç¥åˆ¸æŠ¢è´­ä¸­ï¼iPhone11ProMaxç«‹å‡1600å…ƒï¼ŒXR256GBé»„è‰²ä½è‡³4699å…ƒï¼ŒXSMaxæŠ¢åˆ¸ç«‹å‡500å…ƒï¼',9599.0000,0),(23,2,'Apple iPhone 11 Pro Max (A2220)  é‡‘è‰² 256GB',NULL,225,1,'https://catmall.oss-cn-beijing.aliyuncs.com/2020-05-24//d2847af4-5cc5-4ee7-8c54-524441fae8e2_7ae0120ec27dc3a7.jpg','Apple iPhone 11 Pro Max (A2220)  é‡‘è‰² 256GB','iPhoneçˆ†å“é™æ—¶ç‰¹æƒ ï¼å¤§é¢ç¥åˆ¸æŠ¢è´­ä¸­ï¼iPhone11ProMaxç«‹å‡1600å…ƒï¼ŒXR256GBé»„è‰²ä½è‡³4699å…ƒï¼ŒXSMaxæŠ¢åˆ¸ç«‹å‡500å…ƒï¼',10899.0000,0),(24,2,'Apple iPhone 11 Pro Max (A2220)  é‡‘è‰² 512GB',NULL,225,1,'https://catmall.oss-cn-beijing.aliyuncs.com/2020-05-24//69bdaf67-90c7-4c0e-8e7a-8de86aa12c98_6a1b2703a9ed8737.jpg','Apple iPhone 11 Pro Max (A2220)  é‡‘è‰² 512GB','iPhoneçˆ†å“é™æ—¶ç‰¹æƒ ï¼å¤§é¢ç¥åˆ¸æŠ¢è´­ä¸­ï¼iPhone11ProMaxç«‹å‡1600å…ƒï¼ŒXR256GBé»„è‰²ä½è‡³4699å…ƒï¼ŒXSMaxæŠ¢åˆ¸ç«‹å‡500å…ƒï¼',12699.0000,0),(25,2,'Apple iPhone 11 Pro Max (A2220)  é“¶è‰² 64GB',NULL,225,1,'https://catmall.oss-cn-beijing.aliyuncs.com/2020-05-24//1742b174-8e62-4a94-8d3a-ef0e7d82ea0b_5b5e74d0978360a1.jpg','Apple iPhone 11 Pro Max (A2220)  é“¶è‰² 64GB','iPhoneçˆ†å“é™æ—¶ç‰¹æƒ ï¼å¤§é¢ç¥åˆ¸æŠ¢è´­ä¸­ï¼iPhone11ProMaxç«‹å‡1600å…ƒï¼ŒXR256GBé»„è‰²ä½è‡³4699å…ƒï¼ŒXSMaxæŠ¢åˆ¸ç«‹å‡500å…ƒï¼',9599.0000,0),(26,2,'Apple iPhone 11 Pro Max (A2220)  é“¶è‰² 256GB',NULL,225,1,'https://catmall.oss-cn-beijing.aliyuncs.com/2020-05-24//7dc3b4bb-268d-4c51-85ee-90c747df5830_a2c208410ae84d1f.jpg','Apple iPhone 11 Pro Max (A2220)  é“¶è‰² 256GB','iPhoneçˆ†å“é™æ—¶ç‰¹æƒ ï¼å¤§é¢ç¥åˆ¸æŠ¢è´­ä¸­ï¼iPhone11ProMaxç«‹å‡1600å…ƒï¼ŒXR256GBé»„è‰²ä½è‡³4699å…ƒï¼ŒXSMaxæŠ¢åˆ¸ç«‹å‡500å…ƒï¼',10899.0000,0),(27,2,'Apple iPhone 11 Pro Max (A2220)  é“¶è‰² 512GB',NULL,225,1,'https://catmall.oss-cn-beijing.aliyuncs.com/2020-05-24//d48df2b6-6749-4a90-8326-dddfbf3c509f_b8494bf281991f94.jpg','Apple iPhone 11 Pro Max (A2220)  é“¶è‰² 512GB','iPhoneçˆ†å“é™æ—¶ç‰¹æƒ ï¼å¤§é¢ç¥åˆ¸æŠ¢è´­ä¸­ï¼iPhone11ProMaxç«‹å‡1600å…ƒï¼ŒXR256GBé»„è‰²ä½è‡³4699å…ƒï¼ŒXSMaxæŠ¢åˆ¸ç«‹å‡500å…ƒï¼',12699.0000,0),(28,2,'Apple iPhone 11 Pro Max (A2220)  æ·±ç©ºç°è‰² 64GB',NULL,225,1,'https://catmall.oss-cn-beijing.aliyuncs.com/2020-05-24//7dc3b4bb-268d-4c51-85ee-90c747df5830_a2c208410ae84d1f.jpg','Apple iPhone 11 Pro Max (A2220)  æ·±ç©ºç°è‰² 64GB','iPhoneçˆ†å“é™æ—¶ç‰¹æƒ ï¼å¤§é¢ç¥åˆ¸æŠ¢è´­ä¸­ï¼iPhone11ProMaxç«‹å‡1600å…ƒï¼ŒXR256GBé»„è‰²ä½è‡³4699å…ƒï¼ŒXSMaxæŠ¢åˆ¸ç«‹å‡500å…ƒï¼',9599.0000,0),(29,2,'Apple iPhone 11 Pro Max (A2220)  æ·±ç©ºç°è‰² 256GB',NULL,225,1,'https://catmall.oss-cn-beijing.aliyuncs.com/2020-05-24//7dc3b4bb-268d-4c51-85ee-90c747df5830_a2c208410ae84d1f.jpg','Apple iPhone 11 Pro Max (A2220)  æ·±ç©ºç°è‰² 256GB','iPhoneçˆ†å“é™æ—¶ç‰¹æƒ ï¼å¤§é¢ç¥åˆ¸æŠ¢è´­ä¸­ï¼iPhone11ProMaxç«‹å‡1600å…ƒï¼ŒXR256GBé»„è‰²ä½è‡³4699å…ƒï¼ŒXSMaxæŠ¢åˆ¸ç«‹å‡500å…ƒï¼',10899.0000,0),(30,2,'Apple iPhone 11 Pro Max (A2220)  æ·±ç©ºç°è‰² 512GB',NULL,225,1,'https://catmall.oss-cn-beijing.aliyuncs.com/2020-05-24//7dc3b4bb-268d-4c51-85ee-90c747df5830_a2c208410ae84d1f.jpg','Apple iPhone 11 Pro Max (A2220)  æ·±ç©ºç°è‰² 512GB','iPhoneçˆ†å“é™æ—¶ç‰¹æƒ ï¼å¤§é¢ç¥åˆ¸æŠ¢è´­ä¸­ï¼iPhone11ProMaxç«‹å‡1600å…ƒï¼ŒXR256GBé»„è‰²ä½è‡³4699å…ƒï¼ŒXSMaxæŠ¢åˆ¸ç«‹å‡500å…ƒï¼',12699.0000,0);
/*!40000 ALTER TABLE `pms_sku_info` ENABLE KEYS */;
UNLOCK TABLES;

--
-- Table structure for table `pms_sku_sale_attr_value`
--

DROP TABLE IF EXISTS `pms_sku_sale_attr_value`;
/*!40101 SET @saved_cs_client     = @@character_set_client */;
/*!40101 SET character_set_client = utf8 */;
CREATE TABLE `pms_sku_sale_attr_value` (
  `id` bigint(20) NOT NULL AUTO_INCREMENT COMMENT 'id',
  `sku_id` bigint(20) DEFAULT NULL COMMENT 'sku_id',
  `attr_id` bigint(20) DEFAULT NULL COMMENT 'attr_id',
  `attr_name` varchar(200) DEFAULT NULL COMMENT 'é”€å”®å±æ€§å',
  `attr_value` varchar(200) DEFAULT NULL COMMENT 'é”€å”®å±æ€§å€¼',
  `attr_sort` int(11) DEFAULT NULL COMMENT 'é¡ºåº',
  PRIMARY KEY (`id`)
) ENGINE=InnoDB AUTO_INCREMENT=61 DEFAULT CHARSET=utf8mb4 COMMENT='skué”€å”®å±æ€§&å€¼';
/*!40101 SET character_set_client = @saved_cs_client */;

--
-- Dumping data for table `pms_sku_sale_attr_value`
--

LOCK TABLES `pms_sku_sale_attr_value` WRITE;
/*!40000 ALTER TABLE `pms_sku_sale_attr_value` DISABLE KEYS */;
INSERT INTO `pms_sku_sale_attr_value` VALUES (1,1,12,'é¢œè‰²','äº®é»‘è‰²',NULL),(2,1,13,'ç‰ˆæœ¬','8GB+128GB',NULL),(3,2,12,'é¢œè‰²','äº®é»‘è‰²',NULL),(4,2,13,'ç‰ˆæœ¬','8GB+256GB',NULL),(5,3,12,'é¢œè‰²','äº®é»‘è‰²',NULL),(6,3,13,'ç‰ˆæœ¬','8GB+512GB',NULL),(7,4,12,'é¢œè‰²','æ˜Ÿæ²³é“¶',NULL),(8,4,13,'ç‰ˆæœ¬','8GB+128GB',NULL),(9,5,12,'é¢œè‰²','æ˜Ÿæ²³é“¶',NULL),(10,5,13,'ç‰ˆæœ¬','8GB+256GB',NULL),(11,6,12,'é¢œè‰²','æ˜Ÿæ²³é“¶',NULL),(12,6,13,'ç‰ˆæœ¬','8GB+512GB',NULL),(13,7,12,'é¢œè‰²','é’å±±é»›',NULL),(14,7,13,'ç‰ˆæœ¬','8GB+128GB',NULL),(15,8,12,'é¢œè‰²','é’å±±é»›',NULL),(16,8,13,'ç‰ˆæœ¬','8GB+256GB',NULL),(17,9,12,'é¢œè‰²','é’å±±é»›',NULL),(18,9,13,'ç‰ˆæœ¬','8GB+512GB',NULL),(19,10,12,'é¢œè‰²','ç½—å…°ç´«',NULL),(20,10,13,'ç‰ˆæœ¬','8GB+128GB',NULL),(21,11,12,'é¢œè‰²','ç½—å…°ç´«',NULL),(22,11,13,'ç‰ˆæœ¬','8GB+256GB',NULL),(23,12,12,'é¢œè‰²','ç½—å…°ç´«',NULL),(24,12,13,'ç‰ˆæœ¬','8GB+512GB',NULL),(25,13,12,'é¢œè‰²','ç¿¡å†·ç¿ ',NULL),(26,13,13,'ç‰ˆæœ¬','8GB+128GB',NULL),(27,14,12,'é¢œè‰²','ç¿¡å†·ç¿ ',NULL),(28,14,13,'ç‰ˆæœ¬','8GB+256GB',NULL),(29,15,12,'é¢œè‰²','ç¿¡å†·ç¿ ',NULL),(30,15,13,'ç‰ˆæœ¬','8GB+512GB',NULL),(31,16,12,'é¢œè‰²','ä¸¹éœæ©™',NULL),(32,16,13,'ç‰ˆæœ¬','8GB+128GB',NULL),(33,17,12,'é¢œè‰²','ä¸¹éœæ©™',NULL),(34,17,13,'ç‰ˆæœ¬','8GB+256GB',NULL),(35,18,12,'é¢œè‰²','ä¸¹éœæ©™',NULL),(36,18,13,'ç‰ˆæœ¬','8GB+512GB',NULL),(37,19,12,'é¢œè‰²','æš—å¤œç»¿è‰²',NULL),(38,19,13,'ç‰ˆæœ¬','64GB',NULL),(39,20,12,'é¢œè‰²','æš—å¤œç»¿è‰²',NULL),(40,20,13,'ç‰ˆæœ¬','256GB',NULL),(41,21,12,'é¢œè‰²','æš—å¤œç»¿è‰²',NULL),(42,21,13,'ç‰ˆæœ¬','512GB',NULL),(43,22,12,'é¢œè‰²','é‡‘è‰²',NULL),(44,22,13,'ç‰ˆæœ¬','64GB',NULL),(45,23,12,'é¢œè‰²','é‡‘è‰²',NULL),(46,23,13,'ç‰ˆæœ¬','256GB',NULL),(47,24,12,'é¢œè‰²','é‡‘è‰²',NULL),(48,24,13,'ç‰ˆæœ¬','512GB',NULL),(49,25,12,'é¢œè‰²','é“¶è‰²',NULL),(50,25,13,'ç‰ˆæœ¬','64GB',NULL),(51,26,12,'é¢œè‰²','é“¶è‰²',NULL),(52,26,13,'ç‰ˆæœ¬','256GB',NULL),(53,27,12,'é¢œè‰²','é“¶è‰²',NULL),(54,27,13,'ç‰ˆæœ¬','512GB',NULL),(55,28,12,'é¢œè‰²','æ·±ç©ºç°è‰²',NULL),(56,28,13,'ç‰ˆæœ¬','64GB',NULL),(57,29,12,'é¢œè‰²','æ·±ç©ºç°è‰²',NULL),(58,29,13,'ç‰ˆæœ¬','256GB',NULL),(59,30,12,'é¢œè‰²','æ·±ç©ºç°è‰²',NULL),(60,30,13,'ç‰ˆæœ¬','512GB',NULL);
/*!40000 ALTER TABLE `pms_sku_sale_attr_value` ENABLE KEYS */;
UNLOCK TABLES;

--
-- Table structure for table `pms_spu_comment`
--

DROP TABLE IF EXISTS `pms_spu_comment`;
/*!40101 SET @saved_cs_client     = @@character_set_client */;
/*!40101 SET character_set_client = utf8 */;
CREATE TABLE `pms_spu_comment` (
  `id` bigint(20) NOT NULL AUTO_INCREMENT COMMENT 'id',
  `sku_id` bigint(20) DEFAULT NULL COMMENT 'sku_id',
  `spu_id` bigint(20) DEFAULT NULL COMMENT 'spu_id',
  `spu_name` varchar(255) DEFAULT NULL COMMENT 'å•†å“åå­—',
  `member_nick_name` varchar(255) DEFAULT NULL COMMENT 'ä¼šå‘˜æ˜µç§°',
  `star` tinyint(1) DEFAULT NULL COMMENT 'æ˜Ÿçº§',
  `member_ip` varchar(64) DEFAULT NULL COMMENT 'ä¼šå‘˜ip',
  `create_time` datetime DEFAULT NULL COMMENT 'åˆ›å»ºæ—¶é—´',
  `show_status` tinyint(1) DEFAULT NULL COMMENT 'æ˜¾ç¤ºçŠ¶æ€[0-ä¸æ˜¾ç¤ºï¼Œ1-æ˜¾ç¤º]',
  `spu_attributes` varchar(255) DEFAULT NULL COMMENT 'è´­ä¹°æ—¶å±æ€§ç»„åˆ',
  `likes_count` int(11) DEFAULT NULL COMMENT 'ç‚¹èµæ•°',
  `reply_count` int(11) DEFAULT NULL COMMENT 'å›å¤æ•°',
  `resources` varchar(1000) DEFAULT NULL COMMENT 'è¯„è®ºå›¾ç‰‡/è§†é¢‘[jsonæ•°æ®ï¼›[{type:æ–‡ä»¶ç±»å‹,url:èµ„æºè·¯å¾„}]]',
  `content` text COMMENT 'å†…å®¹',
  `member_icon` varchar(255) DEFAULT NULL COMMENT 'ç”¨æˆ·å¤´åƒ',
  `comment_type` tinyint(4) DEFAULT NULL COMMENT 'è¯„è®ºç±»å‹[0 - å¯¹å•†å“çš„ç›´æ¥è¯„è®ºï¼Œ1 - å¯¹è¯„è®ºçš„å›å¤]',
  PRIMARY KEY (`id`)
) ENGINE=InnoDB DEFAULT CHARSET=utf8mb4 COMMENT='å•†å“è¯„ä»·';
/*!40101 SET character_set_client = @saved_cs_client */;

--
-- Dumping data for table `pms_spu_comment`
--

LOCK TABLES `pms_spu_comment` WRITE;
/*!40000 ALTER TABLE `pms_spu_comment` DISABLE KEYS */;
/*!40000 ALTER TABLE `pms_spu_comment` ENABLE KEYS */;
UNLOCK TABLES;

--
-- Table structure for table `pms_spu_images`
--

DROP TABLE IF EXISTS `pms_spu_images`;
/*!40101 SET @saved_cs_client     = @@character_set_client */;
/*!40101 SET character_set_client = utf8 */;
CREATE TABLE `pms_spu_images` (
  `id` bigint(20) NOT NULL AUTO_INCREMENT COMMENT 'id',
  `spu_id` bigint(20) DEFAULT NULL COMMENT 'spu_id',
  `img_name` varchar(200) DEFAULT NULL COMMENT 'å›¾ç‰‡å',
  `img_url` varchar(255) DEFAULT NULL COMMENT 'å›¾ç‰‡åœ°å€',
  `img_sort` int(11) DEFAULT NULL COMMENT 'é¡ºåº',
  `default_img` tinyint(4) DEFAULT NULL COMMENT 'æ˜¯å¦é»˜è®¤å›¾',
  PRIMARY KEY (`id`)
) ENGINE=InnoDB AUTO_INCREMENT=14 DEFAULT CHARSET=utf8mb4 COMMENT='spuå›¾ç‰‡';
/*!40101 SET character_set_client = @saved_cs_client */;

--
-- Dumping data for table `pms_spu_images`
--

LOCK TABLES `pms_spu_images` WRITE;
/*!40000 ALTER TABLE `pms_spu_images` DISABLE KEYS */;
INSERT INTO `pms_spu_images` VALUES (1,1,NULL,'https://catmall.oss-cn-beijing.aliyuncs.com/2020-05-24//0ce37922-d1ef-47a4-8f1c-040d7f37830f_0d40c24b264aa511.jpg',NULL,NULL),(2,1,NULL,'https://catmall.oss-cn-beijing.aliyuncs.com/2020-05-24//74411825-83a7-40d3-8e98-660d83535ee7_8bf441260bffa42f.jpg',NULL,NULL),(3,1,NULL,'https://catmall.oss-cn-beijing.aliyuncs.com/2020-05-24//7778876e-71b4-4c04-8109-662d37c2473a_23d9fbb256ea5d4a.jpg',NULL,NULL),(4,1,NULL,'https://catmall.oss-cn-beijing.aliyuncs.com/2020-05-24//cbad9969-5880-47de-89ce-71bee8f36cc9_28f296629cca865e.jpg',NULL,NULL),(5,1,NULL,'https://catmall.oss-cn-beijing.aliyuncs.com/2020-05-24//eb3dd3d3-3e5a-4677-8e33-6baa6d6551f8_73ab4d2e818d2211.jpg',NULL,NULL),(6,2,NULL,'https://catmall.oss-cn-beijing.aliyuncs.com/2020-05-24//1742b174-8e62-4a94-8d3a-ef0e7d82ea0b_5b5e74d0978360a1.jpg',NULL,NULL),(7,2,NULL,'https://catmall.oss-cn-beijing.aliyuncs.com/2020-05-24//69bdaf67-90c7-4c0e-8e7a-8de86aa12c98_6a1b2703a9ed8737.jpg',NULL,NULL),(8,2,NULL,'https://catmall.oss-cn-beijing.aliyuncs.com/2020-05-24//d2847af4-5cc5-4ee7-8c54-524441fae8e2_7ae0120ec27dc3a7.jpg',NULL,NULL),(9,2,NULL,'https://catmall.oss-cn-beijing.aliyuncs.com/2020-05-24//80e54d15-c4cd-459b-8d82-949973a80994_63e862164165f483.jpg',NULL,NULL),(10,2,NULL,'https://catmall.oss-cn-beijing.aliyuncs.com/2020-05-24//4ea1cf6a-bf57-4727-82c1-57113df22687_749d8efdff062fb0.jpg',NULL,NULL),(11,2,NULL,'https://catmall.oss-cn-beijing.aliyuncs.com/2020-05-24//7dc3b4bb-268d-4c51-85ee-90c747df5830_a2c208410ae84d1f.jpg',NULL,NULL),(12,2,NULL,'https://catmall.oss-cn-beijing.aliyuncs.com/2020-05-24//d48df2b6-6749-4a90-8326-dddfbf3c509f_b8494bf281991f94.jpg',NULL,NULL),(13,2,NULL,'https://catmall.oss-cn-beijing.aliyuncs.com/2020-05-24//f602fa2f-9dfb-4bf3-826e-b4bb6bd6b3a4_e3284f319e256a5d.jpg',NULL,NULL);
/*!40000 ALTER TABLE `pms_spu_images` ENABLE KEYS */;
UNLOCK TABLES;

--
-- Table structure for table `pms_spu_info`
--

DROP TABLE IF EXISTS `pms_spu_info`;
/*!40101 SET @saved_cs_client     = @@character_set_client */;
/*!40101 SET character_set_client = utf8 */;
CREATE TABLE `pms_spu_info` (
  `id` bigint(20) NOT NULL AUTO_INCREMENT COMMENT 'å•†å“id',
  `spu_name` varchar(200) DEFAULT NULL COMMENT 'å•†å“åç§°',
  `spu_description` varchar(1000) DEFAULT NULL COMMENT 'å•†å“æè¿°',
  `catalog_id` bigint(20) DEFAULT NULL COMMENT 'æ‰€å±åˆ†ç±»id',
  `brand_id` bigint(20) DEFAULT NULL COMMENT 'å“ç‰Œid',
  `weight` decimal(18,4) DEFAULT NULL,
  `publish_status` tinyint(4) DEFAULT NULL COMMENT 'ä¸Šæ¶çŠ¶æ€[0 - ä¸‹æ¶ï¼Œ1 - ä¸Šæ¶]',
  `create_time` datetime DEFAULT NULL,
  `update_time` datetime DEFAULT NULL,
  PRIMARY KEY (`id`)
) ENGINE=InnoDB AUTO_INCREMENT=3 DEFAULT CHARSET=utf8mb4 COMMENT='spuä¿¡æ¯';
/*!40101 SET character_set_client = @saved_cs_client */;

--
-- Dumping data for table `pms_spu_info`
--

LOCK TABLES `pms_spu_info` WRITE;
/*!40000 ALTER TABLE `pms_spu_info` DISABLE KEYS */;
INSERT INTO `pms_spu_info` VALUES (1,'åä¸º HUAWEI Mate 30 Pro','åä¸º HUAWEI Mate 30 Pro 5G éº’éºŸ990 OLEDç¯å¹•å±åŒ4000ä¸‡å¾•å¡ç”µå½±å››æ‘„8GB+256GBä¸¹éœæ©™5Gå…¨ç½‘é€šæ¸¸æˆæ‰‹æœº',225,2,0.2000,1,'2020-05-24 11:14:35','2020-05-24 11:36:25'),(2,'Apple iPhone 11 Pro Max (A2220) ','Apple iPhone 11 Pro Max (A2220) 512GB æš—å¤œç»¿è‰² ç§»åŠ¨è”é€šç”µä¿¡4Gæ‰‹æœº åŒå¡åŒå¾…',225,1,0.2000,1,'2020-05-24 11:24:25','2020-05-24 11:50:33');
/*!40000 ALTER TABLE `pms_spu_info` ENABLE KEYS */;
UNLOCK TABLES;

--
-- Table structure for table `pms_spu_info_desc`
--

DROP TABLE IF EXISTS `pms_spu_info_desc`;
/*!40101 SET @saved_cs_client     = @@character_set_client */;
/*!40101 SET character_set_client = utf8 */;
CREATE TABLE `pms_spu_info_desc` (
  `spu_id` bigint(20) NOT NULL COMMENT 'å•†å“id',
  `decript` longtext COMMENT 'å•†å“ä»‹ç»',
  PRIMARY KEY (`spu_id`)
) ENGINE=InnoDB DEFAULT CHARSET=utf8mb4 COMMENT='spuä¿¡æ¯ä»‹ç»';
/*!40101 SET character_set_client = @saved_cs_client */;

--
-- Dumping data for table `pms_spu_info_desc`
--

LOCK TABLES `pms_spu_info_desc` WRITE;
/*!40000 ALTER TABLE `pms_spu_info_desc` DISABLE KEYS */;
INSERT INTO `pms_spu_info_desc` VALUES (1,'https://catmall.oss-cn-beijing.aliyuncs.com/2020-05-24//256c8b53-3fa9-431d-808a-56310e58da88_73366cc235d68202.jpg,https://catmall.oss-cn-beijing.aliyuncs.com/2020-05-24//0d91f0c8-fc09-4152-864c-407233227e60_b094601548ddcb1b.jpg,https://catmall.oss-cn-beijing.aliyuncs.com/2020-05-24//f1893fa9-84be-47a8-80b9-e0042ac59096_f205d9c99a2b4b01.jpg'),(2,'https://catmall.oss-cn-beijing.aliyuncs.com/2020-05-24//df6e1178-6cda-4c0c-8931-6aff6728326b_1dcdac8bb29a40d9.png,https://catmall.oss-cn-beijing.aliyuncs.com/2020-05-24//2977520e-bdac-4b6e-8238-39b4879962e9_564aadc5667a5ee6.jpg,https://catmall.oss-cn-beijing.aliyuncs.com/2020-05-24//11c4e636-a471-48c9-8085-702cfddc9945_0547698f11aaab54.png');
/*!40000 ALTER TABLE `pms_spu_info_desc` ENABLE KEYS */;
UNLOCK TABLES;

--
-- Table structure for table `undo_log`
--

DROP TABLE IF EXISTS `undo_log`;
/*!40101 SET @saved_cs_client     = @@character_set_client */;
/*!40101 SET character_set_client = utf8 */;
CREATE TABLE `undo_log` (
  `id` bigint(20) NOT NULL AUTO_INCREMENT,
  `branch_id` bigint(20) NOT NULL,
  `xid` varchar(100) NOT NULL,
  `context` varchar(128) NOT NULL,
  `rollback_info` longblob NOT NULL,
  `log_status` int(11) NOT NULL,
  `log_created` datetime NOT NULL,
  `log_modified` datetime NOT NULL,
  `ext` varchar(100) DEFAULT NULL,
  PRIMARY KEY (`id`),
  UNIQUE KEY `ux_undo_log` (`xid`,`branch_id`)
) ENGINE=InnoDB DEFAULT CHARSET=utf8;
/*!40101 SET character_set_client = @saved_cs_client */;

--
-- Dumping data for table `undo_log`
--

LOCK TABLES `undo_log` WRITE;
/*!40000 ALTER TABLE `undo_log` DISABLE KEYS */;
/*!40000 ALTER TABLE `undo_log` ENABLE KEYS */;
UNLOCK TABLES;
/*!40103 SET TIME_ZONE=@OLD_TIME_ZONE */;

/*!40101 SET SQL_MODE=@OLD_SQL_MODE */;
/*!40014 SET FOREIGN_KEY_CHECKS=@OLD_FOREIGN_KEY_CHECKS */;
/*!40014 SET UNIQUE_CHECKS=@OLD_UNIQUE_CHECKS */;
/*!40101 SET CHARACTER_SET_CLIENT=@OLD_CHARACTER_SET_CLIENT */;
/*!40101 SET CHARACTER_SET_RESULTS=@OLD_CHARACTER_SET_RESULTS */;
/*!40101 SET COLLATION_CONNECTION=@OLD_COLLATION_CONNECTION */;
/*!40111 SET SQL_NOTES=@OLD_SQL_NOTES */;

-- Dump completed on 2020-05-31  9:40:07


-- MySQL dump 10.13  Distrib 5.7.29, for osx10.15 (x86_64)
--
-- Host: 127.0.0.1    Database: catmall_sms
-- ------------------------------------------------------
-- Server version	5.7.29

/*!40101 SET @OLD_CHARACTER_SET_CLIENT=@@CHARACTER_SET_CLIENT */;
/*!40101 SET @OLD_CHARACTER_SET_RESULTS=@@CHARACTER_SET_RESULTS */;
/*!40101 SET @OLD_COLLATION_CONNECTION=@@COLLATION_CONNECTION */;
/*!40101 SET NAMES utf8 */;
/*!40103 SET @OLD_TIME_ZONE=@@TIME_ZONE */;
/*!40103 SET TIME_ZONE='+00:00' */;
/*!40014 SET @OLD_UNIQUE_CHECKS=@@UNIQUE_CHECKS, UNIQUE_CHECKS=0 */;
/*!40014 SET @OLD_FOREIGN_KEY_CHECKS=@@FOREIGN_KEY_CHECKS, FOREIGN_KEY_CHECKS=0 */;
/*!40101 SET @OLD_SQL_MODE=@@SQL_MODE, SQL_MODE='NO_AUTO_VALUE_ON_ZERO' */;
/*!40111 SET @OLD_SQL_NOTES=@@SQL_NOTES, SQL_NOTES=0 */;

--
-- Current Database: `catmall_sms`
--

CREATE DATABASE /*!32312 IF NOT EXISTS*/ `catmall_sms` /*!40100 DEFAULT CHARACTER SET utf8mb4 */;

USE `catmall_sms`;

--
-- Table structure for table `sms_coupon`
--

DROP TABLE IF EXISTS `sms_coupon`;
/*!40101 SET @saved_cs_client     = @@character_set_client */;
/*!40101 SET character_set_client = utf8 */;
CREATE TABLE `sms_coupon` (
  `id` bigint(20) NOT NULL AUTO_INCREMENT COMMENT 'id',
  `coupon_type` tinyint(1) DEFAULT NULL COMMENT 'ä¼˜æƒ å·ç±»å‹[0->å…¨åœºèµ åˆ¸ï¼›1->ä¼šå‘˜èµ åˆ¸ï¼›2->è´­ç‰©èµ åˆ¸ï¼›3->æ³¨å†Œèµ åˆ¸]',
  `coupon_img` varchar(2000) DEFAULT NULL COMMENT 'ä¼˜æƒ åˆ¸å›¾ç‰‡',
  `coupon_name` varchar(100) DEFAULT NULL COMMENT 'ä¼˜æƒ å·åå­—',
  `num` int(11) DEFAULT NULL COMMENT 'æ•°é‡',
  `amount` decimal(18,4) DEFAULT NULL COMMENT 'é‡‘é¢',
  `per_limit` int(11) DEFAULT NULL COMMENT 'æ¯äººé™é¢†å¼ æ•°',
  `min_point` decimal(18,4) DEFAULT NULL COMMENT 'ä½¿ç”¨é—¨æ§›',
  `start_time` datetime DEFAULT NULL COMMENT 'å¼€å§‹æ—¶é—´',
  `end_time` datetime DEFAULT NULL COMMENT 'ç»“æŸæ—¶é—´',
  `use_type` tinyint(1) DEFAULT NULL COMMENT 'ä½¿ç”¨ç±»å‹[0->å…¨åœºé€šç”¨ï¼›1->æŒ‡å®šåˆ†ç±»ï¼›2->æŒ‡å®šå•†å“]',
  `note` varchar(200) DEFAULT NULL COMMENT 'å¤‡æ³¨',
  `publish_count` int(11) DEFAULT NULL COMMENT 'å‘è¡Œæ•°é‡',
  `use_count` int(11) DEFAULT NULL COMMENT 'å·²ä½¿ç”¨æ•°é‡',
  `receive_count` int(11) DEFAULT NULL COMMENT 'é¢†å–æ•°é‡',
  `enable_start_time` datetime DEFAULT NULL COMMENT 'å¯ä»¥é¢†å–çš„å¼€å§‹æ—¥æœŸ',
  `enable_end_time` datetime DEFAULT NULL COMMENT 'å¯ä»¥é¢†å–çš„ç»“æŸæ—¥æœŸ',
  `code` varchar(64) DEFAULT NULL COMMENT 'ä¼˜æƒ ç ',
  `member_level` tinyint(1) DEFAULT NULL COMMENT 'å¯ä»¥é¢†å–çš„ä¼šå‘˜ç­‰çº§[0->ä¸é™ç­‰çº§ï¼Œå…¶ä»–-å¯¹åº”ç­‰çº§]',
  `publish` tinyint(1) DEFAULT NULL COMMENT 'å‘å¸ƒçŠ¶æ€[0-æœªå‘å¸ƒï¼Œ1-å·²å‘å¸ƒ]',
  PRIMARY KEY (`id`)
) ENGINE=InnoDB DEFAULT CHARSET=utf8mb4 COMMENT='ä¼˜æƒ åˆ¸ä¿¡æ¯';
/*!40101 SET character_set_client = @saved_cs_client */;

--
-- Dumping data for table `sms_coupon`
--

LOCK TABLES `sms_coupon` WRITE;
/*!40000 ALTER TABLE `sms_coupon` DISABLE KEYS */;
/*!40000 ALTER TABLE `sms_coupon` ENABLE KEYS */;
UNLOCK TABLES;

--
-- Table structure for table `sms_coupon_history`
--

DROP TABLE IF EXISTS `sms_coupon_history`;
/*!40101 SET @saved_cs_client     = @@character_set_client */;
/*!40101 SET character_set_client = utf8 */;
CREATE TABLE `sms_coupon_history` (
  `id` bigint(20) NOT NULL AUTO_INCREMENT COMMENT 'id',
  `coupon_id` bigint(20) DEFAULT NULL COMMENT 'ä¼˜æƒ åˆ¸id',
  `member_id` bigint(20) DEFAULT NULL COMMENT 'ä¼šå‘˜id',
  `member_nick_name` varchar(64) DEFAULT NULL COMMENT 'ä¼šå‘˜åå­—',
  `get_type` tinyint(1) DEFAULT NULL COMMENT 'è·å–æ–¹å¼[0->åå°èµ é€ï¼›1->ä¸»åŠ¨é¢†å–]',
  `create_time` datetime DEFAULT NULL COMMENT 'åˆ›å»ºæ—¶é—´',
  `use_type` tinyint(1) DEFAULT NULL COMMENT 'ä½¿ç”¨çŠ¶æ€[0->æœªä½¿ç”¨ï¼›1->å·²ä½¿ç”¨ï¼›2->å·²è¿‡æœŸ]',
  `use_time` datetime DEFAULT NULL COMMENT 'ä½¿ç”¨æ—¶é—´',
  `order_id` bigint(20) DEFAULT NULL COMMENT 'è®¢å•id',
  `order_sn` bigint(20) DEFAULT NULL COMMENT 'è®¢å•å·',
  PRIMARY KEY (`id`)
) ENGINE=InnoDB DEFAULT CHARSET=utf8mb4 COMMENT='ä¼˜æƒ åˆ¸é¢†å–å†å²è®°å½•';
/*!40101 SET character_set_client = @saved_cs_client */;

--
-- Dumping data for table `sms_coupon_history`
--

LOCK TABLES `sms_coupon_history` WRITE;
/*!40000 ALTER TABLE `sms_coupon_history` DISABLE KEYS */;
/*!40000 ALTER TABLE `sms_coupon_history` ENABLE KEYS */;
UNLOCK TABLES;

--
-- Table structure for table `sms_coupon_spu_category_relation`
--

DROP TABLE IF EXISTS `sms_coupon_spu_category_relation`;
/*!40101 SET @saved_cs_client     = @@character_set_client */;
/*!40101 SET character_set_client = utf8 */;
CREATE TABLE `sms_coupon_spu_category_relation` (
  `id` bigint(20) NOT NULL AUTO_INCREMENT COMMENT 'id',
  `coupon_id` bigint(20) DEFAULT NULL COMMENT 'ä¼˜æƒ åˆ¸id',
  `category_id` bigint(20) DEFAULT NULL COMMENT 'äº§å“åˆ†ç±»id',
  `category_name` varchar(64) DEFAULT NULL COMMENT 'äº§å“åˆ†ç±»åç§°',
  PRIMARY KEY (`id`)
) ENGINE=InnoDB DEFAULT CHARSET=utf8mb4 COMMENT='ä¼˜æƒ åˆ¸åˆ†ç±»å…³è”';
/*!40101 SET character_set_client = @saved_cs_client */;

--
-- Dumping data for table `sms_coupon_spu_category_relation`
--

LOCK TABLES `sms_coupon_spu_category_relation` WRITE;
/*!40000 ALTER TABLE `sms_coupon_spu_category_relation` DISABLE KEYS */;
/*!40000 ALTER TABLE `sms_coupon_spu_category_relation` ENABLE KEYS */;
UNLOCK TABLES;

--
-- Table structure for table `sms_coupon_spu_relation`
--

DROP TABLE IF EXISTS `sms_coupon_spu_relation`;
/*!40101 SET @saved_cs_client     = @@character_set_client */;
/*!40101 SET character_set_client = utf8 */;
CREATE TABLE `sms_coupon_spu_relation` (
  `id` bigint(20) NOT NULL AUTO_INCREMENT COMMENT 'id',
  `coupon_id` bigint(20) DEFAULT NULL COMMENT 'ä¼˜æƒ åˆ¸id',
  `spu_id` bigint(20) DEFAULT NULL COMMENT 'spu_id',
  `spu_name` varchar(255) DEFAULT NULL COMMENT 'spu_name',
  PRIMARY KEY (`id`)
) ENGINE=InnoDB DEFAULT CHARSET=utf8mb4 COMMENT='ä¼˜æƒ åˆ¸ä¸äº§å“å…³è”';
/*!40101 SET character_set_client = @saved_cs_client */;

--
-- Dumping data for table `sms_coupon_spu_relation`
--

LOCK TABLES `sms_coupon_spu_relation` WRITE;
/*!40000 ALTER TABLE `sms_coupon_spu_relation` DISABLE KEYS */;
/*!40000 ALTER TABLE `sms_coupon_spu_relation` ENABLE KEYS */;
UNLOCK TABLES;

--
-- Table structure for table `sms_home_adv`
--

DROP TABLE IF EXISTS `sms_home_adv`;
/*!40101 SET @saved_cs_client     = @@character_set_client */;
/*!40101 SET character_set_client = utf8 */;
CREATE TABLE `sms_home_adv` (
  `id` bigint(20) NOT NULL AUTO_INCREMENT COMMENT 'id',
  `name` varchar(100) DEFAULT NULL COMMENT 'åå­—',
  `pic` varchar(500) DEFAULT NULL COMMENT 'å›¾ç‰‡åœ°å€',
  `start_time` datetime DEFAULT NULL COMMENT 'å¼€å§‹æ—¶é—´',
  `end_time` datetime DEFAULT NULL COMMENT 'ç»“æŸæ—¶é—´',
  `status` tinyint(1) DEFAULT NULL COMMENT 'çŠ¶æ€',
  `click_count` int(11) DEFAULT NULL COMMENT 'ç‚¹å‡»æ•°',
  `url` varchar(500) DEFAULT NULL COMMENT 'å¹¿å‘Šè¯¦æƒ…è¿æ¥åœ°å€',
  `note` varchar(500) DEFAULT NULL COMMENT 'å¤‡æ³¨',
  `sort` int(11) DEFAULT NULL COMMENT 'æ’åº',
  `publisher_id` bigint(20) DEFAULT NULL COMMENT 'å‘å¸ƒè€…',
  `auth_id` bigint(20) DEFAULT NULL COMMENT 'å®¡æ ¸è€…',
  PRIMARY KEY (`id`)
) ENGINE=InnoDB DEFAULT CHARSET=utf8mb4 COMMENT='é¦–é¡µè½®æ’­å¹¿å‘Š';
/*!40101 SET character_set_client = @saved_cs_client */;

--
-- Dumping data for table `sms_home_adv`
--

LOCK TABLES `sms_home_adv` WRITE;
/*!40000 ALTER TABLE `sms_home_adv` DISABLE KEYS */;
/*!40000 ALTER TABLE `sms_home_adv` ENABLE KEYS */;
UNLOCK TABLES;

--
-- Table structure for table `sms_home_subject`
--

DROP TABLE IF EXISTS `sms_home_subject`;
/*!40101 SET @saved_cs_client     = @@character_set_client */;
/*!40101 SET character_set_client = utf8 */;
CREATE TABLE `sms_home_subject` (
  `id` bigint(20) NOT NULL AUTO_INCREMENT COMMENT 'id',
  `name` varchar(200) DEFAULT NULL COMMENT 'ä¸“é¢˜åå­—',
  `title` varchar(255) DEFAULT NULL COMMENT 'ä¸“é¢˜æ ‡é¢˜',
  `sub_title` varchar(255) DEFAULT NULL COMMENT 'ä¸“é¢˜å‰¯æ ‡é¢˜',
  `status` tinyint(1) DEFAULT NULL COMMENT 'æ˜¾ç¤ºçŠ¶æ€',
  `url` varchar(500) DEFAULT NULL COMMENT 'è¯¦æƒ…è¿æ¥',
  `sort` int(11) DEFAULT NULL COMMENT 'æ’åº',
  `img` varchar(500) DEFAULT NULL COMMENT 'ä¸“é¢˜å›¾ç‰‡åœ°å€',
  PRIMARY KEY (`id`)
) ENGINE=InnoDB DEFAULT CHARSET=utf8mb4 COMMENT='é¦–é¡µä¸“é¢˜è¡¨ã€jdé¦–é¡µä¸‹é¢å¾ˆå¤šä¸“é¢˜ï¼Œæ¯ä¸ªä¸“é¢˜é“¾æ¥æ–°çš„é¡µé¢ï¼Œå±•ç¤ºä¸“é¢˜å•†å“ä¿¡æ¯ã€‘';
/*!40101 SET character_set_client = @saved_cs_client */;

--
-- Dumping data for table `sms_home_subject`
--

LOCK TABLES `sms_home_subject` WRITE;
/*!40000 ALTER TABLE `sms_home_subject` DISABLE KEYS */;
/*!40000 ALTER TABLE `sms_home_subject` ENABLE KEYS */;
UNLOCK TABLES;

--
-- Table structure for table `sms_home_subject_spu`
--

DROP TABLE IF EXISTS `sms_home_subject_spu`;
/*!40101 SET @saved_cs_client     = @@character_set_client */;
/*!40101 SET character_set_client = utf8 */;
CREATE TABLE `sms_home_subject_spu` (
  `id` bigint(20) NOT NULL AUTO_INCREMENT COMMENT 'id',
  `name` varchar(200) DEFAULT NULL COMMENT 'ä¸“é¢˜åå­—',
  `subject_id` bigint(20) DEFAULT NULL COMMENT 'ä¸“é¢˜id',
  `spu_id` bigint(20) DEFAULT NULL COMMENT 'spu_id',
  `sort` int(11) DEFAULT NULL COMMENT 'æ’åº',
  PRIMARY KEY (`id`)
) ENGINE=InnoDB DEFAULT CHARSET=utf8mb4 COMMENT='ä¸“é¢˜å•†å“';
/*!40101 SET character_set_client = @saved_cs_client */;

--
-- Dumping data for table `sms_home_subject_spu`
--

LOCK TABLES `sms_home_subject_spu` WRITE;
/*!40000 ALTER TABLE `sms_home_subject_spu` DISABLE KEYS */;
/*!40000 ALTER TABLE `sms_home_subject_spu` ENABLE KEYS */;
UNLOCK TABLES;

--
-- Table structure for table `sms_member_price`
--

DROP TABLE IF EXISTS `sms_member_price`;
/*!40101 SET @saved_cs_client     = @@character_set_client */;
/*!40101 SET character_set_client = utf8 */;
CREATE TABLE `sms_member_price` (
  `id` bigint(20) NOT NULL AUTO_INCREMENT COMMENT 'id',
  `sku_id` bigint(20) DEFAULT NULL COMMENT 'sku_id',
  `member_level_id` bigint(20) DEFAULT NULL COMMENT 'ä¼šå‘˜ç­‰çº§id',
  `member_level_name` varchar(100) DEFAULT NULL COMMENT 'ä¼šå‘˜ç­‰çº§å',
  `member_price` decimal(18,4) DEFAULT NULL COMMENT 'ä¼šå‘˜å¯¹åº”ä»·æ ¼',
  `add_other` tinyint(1) DEFAULT NULL COMMENT 'å¯å¦å åŠ å…¶ä»–ä¼˜æƒ [0-ä¸å¯å åŠ ä¼˜æƒ ï¼Œ1-å¯å åŠ ]',
  PRIMARY KEY (`id`)
) ENGINE=InnoDB DEFAULT CHARSET=utf8mb4 COMMENT='å•†å“ä¼šå‘˜ä»·æ ¼';
/*!40101 SET character_set_client = @saved_cs_client */;

--
-- Dumping data for table `sms_member_price`
--

LOCK TABLES `sms_member_price` WRITE;
/*!40000 ALTER TABLE `sms_member_price` DISABLE KEYS */;
/*!40000 ALTER TABLE `sms_member_price` ENABLE KEYS */;
UNLOCK TABLES;

--
-- Table structure for table `sms_seckill_promotion`
--

DROP TABLE IF EXISTS `sms_seckill_promotion`;
/*!40101 SET @saved_cs_client     = @@character_set_client */;
/*!40101 SET character_set_client = utf8 */;
CREATE TABLE `sms_seckill_promotion` (
  `id` bigint(20) NOT NULL AUTO_INCREMENT COMMENT 'id',
  `title` varchar(255) DEFAULT NULL COMMENT 'æ´»åŠ¨æ ‡é¢˜',
  `start_time` datetime DEFAULT NULL COMMENT 'å¼€å§‹æ—¥æœŸ',
  `end_time` datetime DEFAULT NULL COMMENT 'ç»“æŸæ—¥æœŸ',
  `status` tinyint(4) DEFAULT NULL COMMENT 'ä¸Šä¸‹çº¿çŠ¶æ€',
  `create_time` datetime DEFAULT NULL COMMENT 'åˆ›å»ºæ—¶é—´',
  `user_id` bigint(20) DEFAULT NULL COMMENT 'åˆ›å»ºäºº',
  PRIMARY KEY (`id`)
) ENGINE=InnoDB AUTO_INCREMENT=2 DEFAULT CHARSET=utf8mb4 COMMENT='ç§’æ€æ´»åŠ¨';
/*!40101 SET character_set_client = @saved_cs_client */;

--
-- Dumping data for table `sms_seckill_promotion`
--

LOCK TABLES `sms_seckill_promotion` WRITE;
/*!40000 ALTER TABLE `sms_seckill_promotion` DISABLE KEYS */;
INSERT INTO `sms_seckill_promotion` VALUES (1,'iPhoneç§’æ€æ´»åŠ¨','2020-05-29 20:00:00','2020-06-01 00:00:00',1,NULL,NULL);
/*!40000 ALTER TABLE `sms_seckill_promotion` ENABLE KEYS */;
UNLOCK TABLES;

--
-- Table structure for table `sms_seckill_session`
--

DROP TABLE IF EXISTS `sms_seckill_session`;
/*!40101 SET @saved_cs_client     = @@character_set_client */;
/*!40101 SET character_set_client = utf8 */;
CREATE TABLE `sms_seckill_session` (
  `id` bigint(20) NOT NULL AUTO_INCREMENT COMMENT 'id',
  `name` varchar(200) DEFAULT NULL COMMENT 'åœºæ¬¡åç§°',
  `start_time` datetime DEFAULT NULL COMMENT 'æ¯æ—¥å¼€å§‹æ—¶é—´',
  `end_time` datetime DEFAULT NULL COMMENT 'æ¯æ—¥ç»“æŸæ—¶é—´',
  `status` tinyint(1) DEFAULT NULL COMMENT 'å¯ç”¨çŠ¶æ€',
  `create_time` datetime DEFAULT NULL COMMENT 'åˆ›å»ºæ—¶é—´',
  PRIMARY KEY (`id`)
) ENGINE=InnoDB DEFAULT CHARSET=utf8mb4 COMMENT='ç§’æ€æ´»åŠ¨åœºæ¬¡';
/*!40101 SET character_set_client = @saved_cs_client */;

--
-- Dumping data for table `sms_seckill_session`
--

LOCK TABLES `sms_seckill_session` WRITE;
/*!40000 ALTER TABLE `sms_seckill_session` DISABLE KEYS */;
/*!40000 ALTER TABLE `sms_seckill_session` ENABLE KEYS */;
UNLOCK TABLES;

--
-- Table structure for table `sms_seckill_sku_notice`
--

DROP TABLE IF EXISTS `sms_seckill_sku_notice`;
/*!40101 SET @saved_cs_client     = @@character_set_client */;
/*!40101 SET character_set_client = utf8 */;
CREATE TABLE `sms_seckill_sku_notice` (
  `id` bigint(20) NOT NULL AUTO_INCREMENT COMMENT 'id',
  `member_id` bigint(20) DEFAULT NULL COMMENT 'member_id',
  `sku_id` bigint(20) DEFAULT NULL COMMENT 'sku_id',
  `session_id` bigint(20) DEFAULT NULL COMMENT 'æ´»åŠ¨åœºæ¬¡id',
  `subcribe_time` datetime DEFAULT NULL COMMENT 'è®¢é˜…æ—¶é—´',
  `send_time` datetime DEFAULT NULL COMMENT 'å‘é€æ—¶é—´',
  `notice_type` tinyint(1) DEFAULT NULL COMMENT 'é€šçŸ¥æ–¹å¼[0-çŸ­ä¿¡ï¼Œ1-é‚®ä»¶]',
  PRIMARY KEY (`id`)
) ENGINE=InnoDB DEFAULT CHARSET=utf8mb4 COMMENT='ç§’æ€å•†å“é€šçŸ¥è®¢é˜…';
/*!40101 SET character_set_client = @saved_cs_client */;

--
-- Dumping data for table `sms_seckill_sku_notice`
--

LOCK TABLES `sms_seckill_sku_notice` WRITE;
/*!40000 ALTER TABLE `sms_seckill_sku_notice` DISABLE KEYS */;
/*!40000 ALTER TABLE `sms_seckill_sku_notice` ENABLE KEYS */;
UNLOCK TABLES;

--
-- Table structure for table `sms_seckill_sku_relation`
--

DROP TABLE IF EXISTS `sms_seckill_sku_relation`;
/*!40101 SET @saved_cs_client     = @@character_set_client */;
/*!40101 SET character_set_client = utf8 */;
CREATE TABLE `sms_seckill_sku_relation` (
  `id` bigint(20) NOT NULL AUTO_INCREMENT COMMENT 'id',
  `promotion_id` bigint(20) DEFAULT NULL COMMENT 'æ´»åŠ¨id',
  `promotion_session_id` bigint(20) DEFAULT NULL COMMENT 'æ´»åŠ¨åœºæ¬¡id',
  `sku_id` bigint(20) DEFAULT NULL COMMENT 'å•†å“id',
  `seckill_price` decimal(10,0) DEFAULT NULL COMMENT 'ç§’æ€ä»·æ ¼',
  `seckill_count` decimal(10,0) DEFAULT NULL COMMENT 'ç§’æ€æ€»é‡',
  `seckill_limit` decimal(10,0) DEFAULT NULL COMMENT 'æ¯äººé™è´­æ•°é‡',
  `seckill_sort` int(11) DEFAULT NULL COMMENT 'æ’åº',
  PRIMARY KEY (`id`)
) ENGINE=InnoDB DEFAULT CHARSET=utf8mb4 COMMENT='ç§’æ€æ´»åŠ¨å•†å“å…³è”';
/*!40101 SET character_set_client = @saved_cs_client */;

--
-- Dumping data for table `sms_seckill_sku_relation`
--

LOCK TABLES `sms_seckill_sku_relation` WRITE;
/*!40000 ALTER TABLE `sms_seckill_sku_relation` DISABLE KEYS */;
/*!40000 ALTER TABLE `sms_seckill_sku_relation` ENABLE KEYS */;
UNLOCK TABLES;

--
-- Table structure for table `sms_sku_full_reduction`
--

DROP TABLE IF EXISTS `sms_sku_full_reduction`;
/*!40101 SET @saved_cs_client     = @@character_set_client */;
/*!40101 SET character_set_client = utf8 */;
CREATE TABLE `sms_sku_full_reduction` (
  `id` bigint(20) NOT NULL AUTO_INCREMENT COMMENT 'id',
  `sku_id` bigint(20) DEFAULT NULL COMMENT 'spu_id',
  `full_price` decimal(18,4) DEFAULT NULL COMMENT 'æ»¡å¤šå°‘',
  `reduce_price` decimal(18,4) DEFAULT NULL COMMENT 'å‡å¤šå°‘',
  `add_other` tinyint(1) DEFAULT NULL COMMENT 'æ˜¯å¦å‚ä¸å…¶ä»–ä¼˜æƒ ',
  PRIMARY KEY (`id`)
) ENGINE=InnoDB AUTO_INCREMENT=5 DEFAULT CHARSET=utf8mb4 COMMENT='å•†å“æ»¡å‡ä¿¡æ¯';
/*!40101 SET character_set_client = @saved_cs_client */;

--
-- Dumping data for table `sms_sku_full_reduction`
--

LOCK TABLES `sms_sku_full_reduction` WRITE;
/*!40000 ALTER TABLE `sms_sku_full_reduction` DISABLE KEYS */;
INSERT INTO `sms_sku_full_reduction` VALUES (1,19,10000.0000,500.0000,NULL),(2,20,10000.0000,500.0000,NULL),(3,21,10000.0000,500.0000,NULL),(4,22,9000.0000,200.0000,NULL);
/*!40000 ALTER TABLE `sms_sku_full_reduction` ENABLE KEYS */;
UNLOCK TABLES;

--
-- Table structure for table `sms_sku_ladder`
--

DROP TABLE IF EXISTS `sms_sku_ladder`;
/*!40101 SET @saved_cs_client     = @@character_set_client */;
/*!40101 SET character_set_client = utf8 */;
CREATE TABLE `sms_sku_ladder` (
  `id` bigint(20) NOT NULL AUTO_INCREMENT COMMENT 'id',
  `sku_id` bigint(20) DEFAULT NULL COMMENT 'spu_id',
  `full_count` int(11) DEFAULT NULL COMMENT 'æ»¡å‡ ä»¶',
  `discount` decimal(4,2) DEFAULT NULL COMMENT 'æ‰“å‡ æŠ˜',
  `price` decimal(18,4) DEFAULT NULL COMMENT 'æŠ˜åä»·',
  `add_other` tinyint(1) DEFAULT NULL COMMENT 'æ˜¯å¦å åŠ å…¶ä»–ä¼˜æƒ [0-ä¸å¯å åŠ ï¼Œ1-å¯å åŠ ]',
  PRIMARY KEY (`id`)
) ENGINE=InnoDB DEFAULT CHARSET=utf8mb4 COMMENT='å•†å“é˜¶æ¢¯ä»·æ ¼';
/*!40101 SET character_set_client = @saved_cs_client */;

--
-- Dumping data for table `sms_sku_ladder`
--

LOCK TABLES `sms_sku_ladder` WRITE;
/*!40000 ALTER TABLE `sms_sku_ladder` DISABLE KEYS */;
/*!40000 ALTER TABLE `sms_sku_ladder` ENABLE KEYS */;
UNLOCK TABLES;

--
-- Table structure for table `sms_spu_bounds`
--

DROP TABLE IF EXISTS `sms_spu_bounds`;
/*!40101 SET @saved_cs_client     = @@character_set_client */;
/*!40101 SET character_set_client = utf8 */;
CREATE TABLE `sms_spu_bounds` (
  `id` bigint(20) NOT NULL AUTO_INCREMENT COMMENT 'id',
  `spu_id` bigint(20) DEFAULT NULL,
  `grow_bounds` decimal(18,4) DEFAULT NULL COMMENT 'æˆé•¿ç§¯åˆ†',
  `buy_bounds` decimal(18,4) DEFAULT NULL COMMENT 'è´­ç‰©ç§¯åˆ†',
  `work` tinyint(1) DEFAULT NULL COMMENT 'ä¼˜æƒ ç”Ÿæ•ˆæƒ…å†µ[1111ï¼ˆå››ä¸ªçŠ¶æ€ä½ï¼Œä»å³åˆ°å·¦ï¼‰;0 - æ— ä¼˜æƒ ï¼Œæˆé•¿ç§¯åˆ†æ˜¯å¦èµ é€;1 - æ— ä¼˜æƒ ï¼Œè´­ç‰©ç§¯åˆ†æ˜¯å¦èµ é€;2 - æœ‰ä¼˜æƒ ï¼Œæˆé•¿ç§¯åˆ†æ˜¯å¦èµ é€;3 - æœ‰ä¼˜æƒ ï¼Œè´­ç‰©ç§¯åˆ†æ˜¯å¦èµ é€ã€çŠ¶æ€ä½0ï¼šä¸èµ é€ï¼Œ1ï¼šèµ é€ã€‘]',
  PRIMARY KEY (`id`)
) ENGINE=InnoDB AUTO_INCREMENT=3 DEFAULT CHARSET=utf8mb4 COMMENT='å•†å“spuç§¯åˆ†è®¾ç½®';
/*!40101 SET character_set_client = @saved_cs_client */;

--
-- Dumping data for table `sms_spu_bounds`
--

LOCK TABLES `sms_spu_bounds` WRITE;
/*!40000 ALTER TABLE `sms_spu_bounds` DISABLE KEYS */;
INSERT INTO `sms_spu_bounds` VALUES (1,1,20.0000,20.0000,NULL),(2,2,0.0000,0.0000,NULL);
/*!40000 ALTER TABLE `sms_spu_bounds` ENABLE KEYS */;
UNLOCK TABLES;

--
-- Table structure for table `undo_log`
--

DROP TABLE IF EXISTS `undo_log`;
/*!40101 SET @saved_cs_client     = @@character_set_client */;
/*!40101 SET character_set_client = utf8 */;
CREATE TABLE `undo_log` (
  `id` bigint(20) NOT NULL AUTO_INCREMENT,
  `branch_id` bigint(20) NOT NULL,
  `xid` varchar(100) NOT NULL,
  `context` varchar(128) NOT NULL,
  `rollback_info` longblob NOT NULL,
  `log_status` int(11) NOT NULL,
  `log_created` datetime NOT NULL,
  `log_modified` datetime NOT NULL,
  `ext` varchar(100) DEFAULT NULL,
  PRIMARY KEY (`id`),
  UNIQUE KEY `ux_undo_log` (`xid`,`branch_id`)
) ENGINE=InnoDB DEFAULT CHARSET=utf8;
/*!40101 SET character_set_client = @saved_cs_client */;

--
-- Dumping data for table `undo_log`
--

LOCK TABLES `undo_log` WRITE;
/*!40000 ALTER TABLE `undo_log` DISABLE KEYS */;
/*!40000 ALTER TABLE `undo_log` ENABLE KEYS */;
UNLOCK TABLES;
/*!40103 SET TIME_ZONE=@OLD_TIME_ZONE */;

/*!40101 SET SQL_MODE=@OLD_SQL_MODE */;
/*!40014 SET FOREIGN_KEY_CHECKS=@OLD_FOREIGN_KEY_CHECKS */;
/*!40014 SET UNIQUE_CHECKS=@OLD_UNIQUE_CHECKS */;
/*!40101 SET CHARACTER_SET_CLIENT=@OLD_CHARACTER_SET_CLIENT */;
/*!40101 SET CHARACTER_SET_RESULTS=@OLD_CHARACTER_SET_RESULTS */;
/*!40101 SET COLLATION_CONNECTION=@OLD_COLLATION_CONNECTION */;
/*!40111 SET SQL_NOTES=@OLD_SQL_NOTES */;

-- Dump completed on 2020-05-31  9:40:48


-- MySQL dump 10.13  Distrib 5.7.29, for osx10.15 (x86_64)
--
-- Host: 127.0.0.1    Database: catmall_ums
-- ------------------------------------------------------
-- Server version	5.7.29

/*!40101 SET @OLD_CHARACTER_SET_CLIENT=@@CHARACTER_SET_CLIENT */;
/*!40101 SET @OLD_CHARACTER_SET_RESULTS=@@CHARACTER_SET_RESULTS */;
/*!40101 SET @OLD_COLLATION_CONNECTION=@@COLLATION_CONNECTION */;
/*!40101 SET NAMES utf8 */;
/*!40103 SET @OLD_TIME_ZONE=@@TIME_ZONE */;
/*!40103 SET TIME_ZONE='+00:00' */;
/*!40014 SET @OLD_UNIQUE_CHECKS=@@UNIQUE_CHECKS, UNIQUE_CHECKS=0 */;
/*!40014 SET @OLD_FOREIGN_KEY_CHECKS=@@FOREIGN_KEY_CHECKS, FOREIGN_KEY_CHECKS=0 */;
/*!40101 SET @OLD_SQL_MODE=@@SQL_MODE, SQL_MODE='NO_AUTO_VALUE_ON_ZERO' */;
/*!40111 SET @OLD_SQL_NOTES=@@SQL_NOTES, SQL_NOTES=0 */;

--
-- Current Database: `catmall_ums`
--

CREATE DATABASE /*!32312 IF NOT EXISTS*/ `catmall_ums` /*!40100 DEFAULT CHARACTER SET utf8mb4 */;

USE `catmall_ums`;

--
-- Table structure for table `ums_growth_change_history`
--

DROP TABLE IF EXISTS `ums_growth_change_history`;
/*!40101 SET @saved_cs_client     = @@character_set_client */;
/*!40101 SET character_set_client = utf8 */;
CREATE TABLE `ums_growth_change_history` (
  `id` bigint(20) NOT NULL AUTO_INCREMENT COMMENT 'id',
  `member_id` bigint(20) DEFAULT NULL COMMENT 'member_id',
  `create_time` datetime DEFAULT NULL COMMENT 'create_time',
  `change_count` int(11) DEFAULT NULL COMMENT 'æ”¹å˜çš„å€¼ï¼ˆæ­£è´Ÿè®¡æ•°ï¼‰',
  `note` varchar(0) DEFAULT NULL COMMENT 'å¤‡æ³¨',
  `source_type` tinyint(4) DEFAULT NULL COMMENT 'ç§¯åˆ†æ¥æº[0-è´­ç‰©ï¼Œ1-ç®¡ç†å‘˜ä¿®æ”¹]',
  PRIMARY KEY (`id`)
) ENGINE=InnoDB DEFAULT CHARSET=utf8mb4 COMMENT='æˆé•¿å€¼å˜åŒ–å†å²è®°å½•';
/*!40101 SET character_set_client = @saved_cs_client */;

--
-- Dumping data for table `ums_growth_change_history`
--

LOCK TABLES `ums_growth_change_history` WRITE;
/*!40000 ALTER TABLE `ums_growth_change_history` DISABLE KEYS */;
/*!40000 ALTER TABLE `ums_growth_change_history` ENABLE KEYS */;
UNLOCK TABLES;

--
-- Table structure for table `ums_integration_change_history`
--

DROP TABLE IF EXISTS `ums_integration_change_history`;
/*!40101 SET @saved_cs_client     = @@character_set_client */;
/*!40101 SET character_set_client = utf8 */;
CREATE TABLE `ums_integration_change_history` (
  `id` bigint(20) NOT NULL AUTO_INCREMENT COMMENT 'id',
  `member_id` bigint(20) DEFAULT NULL COMMENT 'member_id',
  `create_time` datetime DEFAULT NULL COMMENT 'create_time',
  `change_count` int(11) DEFAULT NULL COMMENT 'å˜åŒ–çš„å€¼',
  `note` varchar(255) DEFAULT NULL COMMENT 'å¤‡æ³¨',
  `source_tyoe` tinyint(4) DEFAULT NULL COMMENT 'æ¥æº[0->è´­ç‰©ï¼›1->ç®¡ç†å‘˜ä¿®æ”¹;2->æ´»åŠ¨]',
  PRIMARY KEY (`id`)
) ENGINE=InnoDB DEFAULT CHARSET=utf8mb4 COMMENT='ç§¯åˆ†å˜åŒ–å†å²è®°å½•';
/*!40101 SET character_set_client = @saved_cs_client */;

--
-- Dumping data for table `ums_integration_change_history`
--

LOCK TABLES `ums_integration_change_history` WRITE;
/*!40000 ALTER TABLE `ums_integration_change_history` DISABLE KEYS */;
/*!40000 ALTER TABLE `ums_integration_change_history` ENABLE KEYS */;
UNLOCK TABLES;

--
-- Table structure for table `ums_member`
--

DROP TABLE IF EXISTS `ums_member`;
/*!40101 SET @saved_cs_client     = @@character_set_client */;
/*!40101 SET character_set_client = utf8 */;
CREATE TABLE `ums_member` (
  `id` bigint(20) NOT NULL AUTO_INCREMENT COMMENT 'id',
  `level_id` bigint(20) DEFAULT NULL COMMENT 'ä¼šå‘˜ç­‰çº§id',
  `username` char(64) DEFAULT NULL COMMENT 'ç”¨æˆ·å',
  `password` varchar(64) DEFAULT NULL COMMENT 'å¯†ç ',
  `nickname` varchar(64) DEFAULT NULL COMMENT 'æ˜µç§°',
  `mobile` varchar(20) DEFAULT NULL COMMENT 'æ‰‹æœºå·ç ',
  `email` varchar(64) DEFAULT NULL COMMENT 'é‚®ç®±',
  `header` varchar(500) DEFAULT NULL COMMENT 'å¤´åƒ',
  `gender` tinyint(4) DEFAULT NULL COMMENT 'æ€§åˆ«',
  `birth` date DEFAULT NULL COMMENT 'ç”Ÿæ—¥',
  `city` varchar(500) DEFAULT NULL COMMENT 'æ‰€åœ¨åŸå¸‚',
  `job` varchar(255) DEFAULT NULL COMMENT 'èŒä¸š',
  `sign` varchar(255) DEFAULT NULL COMMENT 'ä¸ªæ€§ç­¾å',
  `source_type` tinyint(4) DEFAULT NULL COMMENT 'ç”¨æˆ·æ¥æº',
  `integration` int(11) DEFAULT NULL COMMENT 'ç§¯åˆ†',
  `growth` int(11) DEFAULT NULL COMMENT 'æˆé•¿å€¼',
  `status` tinyint(4) DEFAULT NULL COMMENT 'å¯ç”¨çŠ¶æ€',
  `create_time` datetime DEFAULT NULL COMMENT 'æ³¨å†Œæ—¶é—´',
  `social_uid` varchar(255) DEFAULT NULL,
  `access_token` varchar(255) DEFAULT NULL,
  `expires_in` varchar(255) DEFAULT NULL,
  PRIMARY KEY (`id`)
) ENGINE=InnoDB AUTO_INCREMENT=2 DEFAULT CHARSET=utf8mb4 COMMENT='ä¼šå‘˜';
/*!40101 SET character_set_client = @saved_cs_client */;

--
-- Dumping data for table `ums_member`
--

LOCK TABLES `ums_member` WRITE;
/*!40000 ALTER TABLE `ums_member` DISABLE KEYS */;
INSERT INTO `ums_member` VALUES (1,NULL,NULL,NULL,'äºä½ å¿ƒä¸Šçœ‰é—´',NULL,NULL,NULL,1,NULL,NULL,NULL,NULL,NULL,NULL,NULL,NULL,NULL,'5709671078','2.00ARM6OG0hAVKh96fef4725dtkhvVB','157679999');
/*!40000 ALTER TABLE `ums_member` ENABLE KEYS */;
UNLOCK TABLES;

--
-- Table structure for table `ums_member_collect_spu`
--

DROP TABLE IF EXISTS `ums_member_collect_spu`;
/*!40101 SET @saved_cs_client     = @@character_set_client */;
/*!40101 SET character_set_client = utf8 */;
CREATE TABLE `ums_member_collect_spu` (
  `id` bigint(20) NOT NULL COMMENT 'id',
  `member_id` bigint(20) DEFAULT NULL COMMENT 'ä¼šå‘˜id',
  `spu_id` bigint(20) DEFAULT NULL COMMENT 'spu_id',
  `spu_name` varchar(500) DEFAULT NULL COMMENT 'spu_name',
  `spu_img` varchar(500) DEFAULT NULL COMMENT 'spu_img',
  `create_time` datetime DEFAULT NULL COMMENT 'create_time',
  PRIMARY KEY (`id`)
) ENGINE=InnoDB DEFAULT CHARSET=utf8mb4 COMMENT='ä¼šå‘˜æ”¶è—çš„å•†å“';
/*!40101 SET character_set_client = @saved_cs_client */;

--
-- Dumping data for table `ums_member_collect_spu`
--

LOCK TABLES `ums_member_collect_spu` WRITE;
/*!40000 ALTER TABLE `ums_member_collect_spu` DISABLE KEYS */;
/*!40000 ALTER TABLE `ums_member_collect_spu` ENABLE KEYS */;
UNLOCK TABLES;

--
-- Table structure for table `ums_member_collect_subject`
--

DROP TABLE IF EXISTS `ums_member_collect_subject`;
/*!40101 SET @saved_cs_client     = @@character_set_client */;
/*!40101 SET character_set_client = utf8 */;
CREATE TABLE `ums_member_collect_subject` (
  `id` bigint(20) NOT NULL AUTO_INCREMENT COMMENT 'id',
  `subject_id` bigint(20) DEFAULT NULL COMMENT 'subject_id',
  `subject_name` varchar(255) DEFAULT NULL COMMENT 'subject_name',
  `subject_img` varchar(500) DEFAULT NULL COMMENT 'subject_img',
  `subject_urll` varchar(500) DEFAULT NULL COMMENT 'æ´»åŠ¨url',
  PRIMARY KEY (`id`)
) ENGINE=InnoDB DEFAULT CHARSET=utf8mb4 COMMENT='ä¼šå‘˜æ”¶è—çš„ä¸“é¢˜æ´»åŠ¨';
/*!40101 SET character_set_client = @saved_cs_client */;

--
-- Dumping data for table `ums_member_collect_subject`
--

LOCK TABLES `ums_member_collect_subject` WRITE;
/*!40000 ALTER TABLE `ums_member_collect_subject` DISABLE KEYS */;
/*!40000 ALTER TABLE `ums_member_collect_subject` ENABLE KEYS */;
UNLOCK TABLES;

--
-- Table structure for table `ums_member_level`
--

DROP TABLE IF EXISTS `ums_member_level`;
/*!40101 SET @saved_cs_client     = @@character_set_client */;
/*!40101 SET character_set_client = utf8 */;
CREATE TABLE `ums_member_level` (
  `id` bigint(20) NOT NULL AUTO_INCREMENT COMMENT 'id',
  `name` varchar(100) DEFAULT NULL COMMENT 'ç­‰çº§åç§°',
  `growth_point` int(11) DEFAULT NULL COMMENT 'ç­‰çº§éœ€è¦çš„æˆé•¿å€¼',
  `default_status` tinyint(4) DEFAULT NULL COMMENT 'æ˜¯å¦ä¸ºé»˜è®¤ç­‰çº§[0->ä¸æ˜¯ï¼›1->æ˜¯]',
  `free_freight_point` decimal(18,4) DEFAULT NULL COMMENT 'å…è¿è´¹æ ‡å‡†',
  `comment_growth_point` int(11) DEFAULT NULL COMMENT 'æ¯æ¬¡è¯„ä»·è·å–çš„æˆé•¿å€¼',
  `priviledge_free_freight` tinyint(4) DEFAULT NULL COMMENT 'æ˜¯å¦æœ‰å…é‚®ç‰¹æƒ',
  `priviledge_member_price` tinyint(4) DEFAULT NULL COMMENT 'æ˜¯å¦æœ‰ä¼šå‘˜ä»·æ ¼ç‰¹æƒ',
  `priviledge_birthday` tinyint(4) DEFAULT NULL COMMENT 'æ˜¯å¦æœ‰ç”Ÿæ—¥ç‰¹æƒ',
  `note` varchar(255) DEFAULT NULL COMMENT 'å¤‡æ³¨',
  PRIMARY KEY (`id`)
) ENGINE=InnoDB AUTO_INCREMENT=6 DEFAULT CHARSET=utf8mb4 COMMENT='ä¼šå‘˜ç­‰çº§';
/*!40101 SET character_set_client = @saved_cs_client */;

--
-- Dumping data for table `ums_member_level`
--

LOCK TABLES `ums_member_level` WRITE;
/*!40000 ALTER TABLE `ums_member_level` DISABLE KEYS */;
INSERT INTO `ums_member_level` VALUES (1,'æ™®é€šä¼šå‘˜',3000,1,0.0000,2,0,0,1,'æ™®é€šä¼šå‘˜'),(2,'é“œç‰Œä¼šå‘˜',7000,0,200.0000,3,0,1,1,'é“œç‰Œä¼šå‘˜'),(3,'é“¶ç‰Œä¼šå‘˜',12000,0,180.0000,5,0,1,1,'é“¶ç‰Œä¼šå‘˜'),(4,'é‡‘ç‰Œä¼šå‘˜',18000,0,150.0000,10,1,1,1,'é‡‘ç‰Œä¼šå‘˜'),(5,'é’»çŸ³ä¼šå‘˜',25000,0,120.0000,15,1,1,1,'é’»çŸ³ä¼šå‘˜');
/*!40000 ALTER TABLE `ums_member_level` ENABLE KEYS */;
UNLOCK TABLES;

--
-- Table structure for table `ums_member_login_log`
--

DROP TABLE IF EXISTS `ums_member_login_log`;
/*!40101 SET @saved_cs_client     = @@character_set_client */;
/*!40101 SET character_set_client = utf8 */;
CREATE TABLE `ums_member_login_log` (
  `id` bigint(20) NOT NULL AUTO_INCREMENT COMMENT 'id',
  `member_id` bigint(20) DEFAULT NULL COMMENT 'member_id',
  `create_time` datetime DEFAULT NULL COMMENT 'åˆ›å»ºæ—¶é—´',
  `ip` varchar(64) DEFAULT NULL COMMENT 'ip',
  `city` varchar(64) DEFAULT NULL COMMENT 'city',
  `login_type` tinyint(1) DEFAULT NULL COMMENT 'ç™»å½•ç±»å‹[1-webï¼Œ2-app]',
  PRIMARY KEY (`id`)
) ENGINE=InnoDB DEFAULT CHARSET=utf8mb4 COMMENT='ä¼šå‘˜ç™»å½•è®°å½•';
/*!40101 SET character_set_client = @saved_cs_client */;

--
-- Dumping data for table `ums_member_login_log`
--

LOCK TABLES `ums_member_login_log` WRITE;
/*!40000 ALTER TABLE `ums_member_login_log` DISABLE KEYS */;
/*!40000 ALTER TABLE `ums_member_login_log` ENABLE KEYS */;
UNLOCK TABLES;

--
-- Table structure for table `ums_member_receive_address`
--

DROP TABLE IF EXISTS `ums_member_receive_address`;
/*!40101 SET @saved_cs_client     = @@character_set_client */;
/*!40101 SET character_set_client = utf8 */;
CREATE TABLE `ums_member_receive_address` (
  `id` bigint(20) NOT NULL AUTO_INCREMENT COMMENT 'id',
  `member_id` bigint(20) DEFAULT NULL COMMENT 'member_id',
  `name` varchar(255) DEFAULT NULL COMMENT 'æ”¶è´§äººå§“å',
  `phone` varchar(64) DEFAULT NULL COMMENT 'ç”µè¯',
  `post_code` varchar(64) DEFAULT NULL COMMENT 'é‚®æ”¿ç¼–ç ',
  `province` varchar(100) DEFAULT NULL COMMENT 'çœä»½/ç›´è¾–å¸‚',
  `city` varchar(100) DEFAULT NULL COMMENT 'åŸå¸‚',
  `region` varchar(100) DEFAULT NULL COMMENT 'åŒº',
  `detail_address` varchar(255) DEFAULT NULL COMMENT 'è¯¦ç»†åœ°å€(è¡—é“)',
  `areacode` varchar(15) DEFAULT NULL COMMENT 'çœå¸‚åŒºä»£ç ',
  `default_status` tinyint(1) DEFAULT NULL COMMENT 'æ˜¯å¦é»˜è®¤',
  PRIMARY KEY (`id`)
) ENGINE=InnoDB AUTO_INCREMENT=3 DEFAULT CHARSET=utf8mb4 COMMENT='ä¼šå‘˜æ”¶è´§åœ°å€';
/*!40101 SET character_set_client = @saved_cs_client */;

--
-- Dumping data for table `ums_member_receive_address`
--

LOCK TABLES `ums_member_receive_address` WRITE;
/*!40000 ALTER TABLE `ums_member_receive_address` DISABLE KEYS */;
INSERT INTO `ums_member_receive_address` VALUES (1,1,'raymond','17888888888','476600','æ²³å—çœ','æ°¸åŸå¸‚','ä¸œåŸåŒº','æ²³å—çœæ°¸åŸå¸‚ä¸œåŸåŒº','111111',1),(2,1,'raymond','17888888888','116622','è¾½å®çœ','å¤§è¿å¸‚','é‡‘å·åŒº','å¤§è¿ç†å·¥å¤§å­¦','111111',0);
/*!40000 ALTER TABLE `ums_member_receive_address` ENABLE KEYS */;
UNLOCK TABLES;

--
-- Table structure for table `ums_member_statistics_info`
--

DROP TABLE IF EXISTS `ums_member_statistics_info`;
/*!40101 SET @saved_cs_client     = @@character_set_client */;
/*!40101 SET character_set_client = utf8 */;
CREATE TABLE `ums_member_statistics_info` (
  `id` bigint(20) NOT NULL AUTO_INCREMENT COMMENT 'id',
  `member_id` bigint(20) DEFAULT NULL COMMENT 'ä¼šå‘˜id',
  `consume_amount` decimal(18,4) DEFAULT NULL COMMENT 'ç´¯è®¡æ¶ˆè´¹é‡‘é¢',
  `coupon_amount` decimal(18,4) DEFAULT NULL COMMENT 'ç´¯è®¡ä¼˜æƒ é‡‘é¢',
  `order_count` int(11) DEFAULT NULL COMMENT 'è®¢å•æ•°é‡',
  `coupon_count` int(11) DEFAULT NULL COMMENT 'ä¼˜æƒ åˆ¸æ•°é‡',
  `comment_count` int(11) DEFAULT NULL COMMENT 'è¯„ä»·æ•°',
  `return_order_count` int(11) DEFAULT NULL COMMENT 'é€€è´§æ•°é‡',
  `login_count` int(11) DEFAULT NULL COMMENT 'ç™»å½•æ¬¡æ•°',
  `attend_count` int(11) DEFAULT NULL COMMENT 'å…³æ³¨æ•°é‡',
  `fans_count` int(11) DEFAULT NULL COMMENT 'ç²‰ä¸æ•°é‡',
  `collect_product_count` int(11) DEFAULT NULL COMMENT 'æ”¶è—çš„å•†å“æ•°é‡',
  `collect_subject_count` int(11) DEFAULT NULL COMMENT 'æ”¶è—çš„ä¸“é¢˜æ´»åŠ¨æ•°é‡',
  `collect_comment_count` int(11) DEFAULT NULL COMMENT 'æ”¶è—çš„è¯„è®ºæ•°é‡',
  `invite_friend_count` int(11) DEFAULT NULL COMMENT 'é‚€è¯·çš„æœ‹å‹æ•°é‡',
  PRIMARY KEY (`id`)
) ENGINE=InnoDB DEFAULT CHARSET=utf8mb4 COMMENT='ä¼šå‘˜ç»Ÿè®¡ä¿¡æ¯';
/*!40101 SET character_set_client = @saved_cs_client */;

--
-- Dumping data for table `ums_member_statistics_info`
--

LOCK TABLES `ums_member_statistics_info` WRITE;
/*!40000 ALTER TABLE `ums_member_statistics_info` DISABLE KEYS */;
/*!40000 ALTER TABLE `ums_member_statistics_info` ENABLE KEYS */;
UNLOCK TABLES;

--
-- Table structure for table `undo_log`
--

DROP TABLE IF EXISTS `undo_log`;
/*!40101 SET @saved_cs_client     = @@character_set_client */;
/*!40101 SET character_set_client = utf8 */;
CREATE TABLE `undo_log` (
  `id` bigint(20) NOT NULL AUTO_INCREMENT,
  `branch_id` bigint(20) NOT NULL,
  `xid` varchar(100) NOT NULL,
  `context` varchar(128) NOT NULL,
  `rollback_info` longblob NOT NULL,
  `log_status` int(11) NOT NULL,
  `log_created` datetime NOT NULL,
  `log_modified` datetime NOT NULL,
  `ext` varchar(100) DEFAULT NULL,
  PRIMARY KEY (`id`),
  UNIQUE KEY `ux_undo_log` (`xid`,`branch_id`)
) ENGINE=InnoDB DEFAULT CHARSET=utf8;
/*!40101 SET character_set_client = @saved_cs_client */;

--
-- Dumping data for table `undo_log`
--

LOCK TABLES `undo_log` WRITE;
/*!40000 ALTER TABLE `undo_log` DISABLE KEYS */;
/*!40000 ALTER TABLE `undo_log` ENABLE KEYS */;
UNLOCK TABLES;
/*!40103 SET TIME_ZONE=@OLD_TIME_ZONE */;

/*!40101 SET SQL_MODE=@OLD_SQL_MODE */;
/*!40014 SET FOREIGN_KEY_CHECKS=@OLD_FOREIGN_KEY_CHECKS */;
/*!40014 SET UNIQUE_CHECKS=@OLD_UNIQUE_CHECKS */;
/*!40101 SET CHARACTER_SET_CLIENT=@OLD_CHARACTER_SET_CLIENT */;
/*!40101 SET CHARACTER_SET_RESULTS=@OLD_CHARACTER_SET_RESULTS */;
/*!40101 SET COLLATION_CONNECTION=@OLD_COLLATION_CONNECTION */;
/*!40111 SET SQL_NOTES=@OLD_SQL_NOTES */;

-- Dump completed on 2020-05-31  9:40:55


-- MySQL dump 10.13  Distrib 5.7.29, for osx10.15 (x86_64)
--
-- Host: 127.0.0.1    Database: catmall_wms
-- ------------------------------------------------------
-- Server version	5.7.29

/*!40101 SET @OLD_CHARACTER_SET_CLIENT=@@CHARACTER_SET_CLIENT */;
/*!40101 SET @OLD_CHARACTER_SET_RESULTS=@@CHARACTER_SET_RESULTS */;
/*!40101 SET @OLD_COLLATION_CONNECTION=@@COLLATION_CONNECTION */;
/*!40101 SET NAMES utf8 */;
/*!40103 SET @OLD_TIME_ZONE=@@TIME_ZONE */;
/*!40103 SET TIME_ZONE='+00:00' */;
/*!40014 SET @OLD_UNIQUE_CHECKS=@@UNIQUE_CHECKS, UNIQUE_CHECKS=0 */;
/*!40014 SET @OLD_FOREIGN_KEY_CHECKS=@@FOREIGN_KEY_CHECKS, FOREIGN_KEY_CHECKS=0 */;
/*!40101 SET @OLD_SQL_MODE=@@SQL_MODE, SQL_MODE='NO_AUTO_VALUE_ON_ZERO' */;
/*!40111 SET @OLD_SQL_NOTES=@@SQL_NOTES, SQL_NOTES=0 */;

--
-- Current Database: `catmall_wms`
--

CREATE DATABASE /*!32312 IF NOT EXISTS*/ `catmall_wms` /*!40100 DEFAULT CHARACTER SET utf8mb4 */;

USE `catmall_wms`;

--
-- Table structure for table `undo_log`
--

DROP TABLE IF EXISTS `undo_log`;
/*!40101 SET @saved_cs_client     = @@character_set_client */;
/*!40101 SET character_set_client = utf8 */;
CREATE TABLE `undo_log` (
  `id` bigint(20) NOT NULL AUTO_INCREMENT,
  `branch_id` bigint(20) NOT NULL,
  `xid` varchar(100) NOT NULL,
  `context` varchar(128) NOT NULL,
  `rollback_info` longblob NOT NULL,
  `log_status` int(11) NOT NULL,
  `log_created` datetime NOT NULL,
  `log_modified` datetime NOT NULL,
  `ext` varchar(100) DEFAULT NULL,
  PRIMARY KEY (`id`),
  UNIQUE KEY `ux_undo_log` (`xid`,`branch_id`)
) ENGINE=InnoDB DEFAULT CHARSET=utf8;
/*!40101 SET character_set_client = @saved_cs_client */;

--
-- Dumping data for table `undo_log`
--

LOCK TABLES `undo_log` WRITE;
/*!40000 ALTER TABLE `undo_log` DISABLE KEYS */;
/*!40000 ALTER TABLE `undo_log` ENABLE KEYS */;
UNLOCK TABLES;

--
-- Table structure for table `wms_purchase`
--

DROP TABLE IF EXISTS `wms_purchase`;
/*!40101 SET @saved_cs_client     = @@character_set_client */;
/*!40101 SET character_set_client = utf8 */;
CREATE TABLE `wms_purchase` (
  `id` bigint(20) NOT NULL AUTO_INCREMENT COMMENT 'é‡‡è´­å•id',
  `assignee_id` bigint(20) DEFAULT NULL COMMENT 'é‡‡è´­äººid',
  `assignee_name` varchar(255) DEFAULT NULL COMMENT 'é‡‡è´­äººå',
  `phone` char(13) DEFAULT NULL COMMENT 'è”ç³»æ–¹å¼',
  `priority` int(4) DEFAULT NULL COMMENT 'ä¼˜å…ˆçº§',
  `status` int(4) DEFAULT NULL COMMENT 'çŠ¶æ€',
  `ware_id` bigint(20) DEFAULT NULL COMMENT 'ä»“åº“id',
  `amount` decimal(18,4) DEFAULT NULL COMMENT 'æ€»é‡‘é¢',
  `create_time` datetime DEFAULT NULL COMMENT 'åˆ›å»ºæ—¥æœŸ',
  `update_time` datetime DEFAULT NULL COMMENT 'æ›´æ–°æ—¥æœŸ',
  PRIMARY KEY (`id`)
) ENGINE=InnoDB DEFAULT CHARSET=utf8mb4 COMMENT='é‡‡è´­ä¿¡æ¯';
/*!40101 SET character_set_client = @saved_cs_client */;

--
-- Dumping data for table `wms_purchase`
--

LOCK TABLES `wms_purchase` WRITE;
/*!40000 ALTER TABLE `wms_purchase` DISABLE KEYS */;
/*!40000 ALTER TABLE `wms_purchase` ENABLE KEYS */;
UNLOCK TABLES;

--
-- Table structure for table `wms_purchase_detail`
--

DROP TABLE IF EXISTS `wms_purchase_detail`;
/*!40101 SET @saved_cs_client     = @@character_set_client */;
/*!40101 SET character_set_client = utf8 */;
CREATE TABLE `wms_purchase_detail` (
  `id` bigint(20) NOT NULL AUTO_INCREMENT,
  `purchase_id` bigint(20) DEFAULT NULL COMMENT 'é‡‡è´­å•id',
  `sku_id` bigint(20) DEFAULT NULL COMMENT 'é‡‡è´­å•†å“id',
  `sku_num` int(11) DEFAULT NULL COMMENT 'é‡‡è´­æ•°é‡',
  `sku_price` decimal(18,4) DEFAULT NULL COMMENT 'é‡‡è´­é‡‘é¢',
  `ware_id` bigint(20) DEFAULT NULL COMMENT 'ä»“åº“id',
  `status` int(11) DEFAULT NULL COMMENT 'çŠ¶æ€[0æ–°å»ºï¼Œ1å·²åˆ†é…ï¼Œ2æ­£åœ¨é‡‡è´­ï¼Œ3å·²å®Œæˆï¼Œ4é‡‡è´­å¤±è´¥]',
  PRIMARY KEY (`id`)
) ENGINE=InnoDB DEFAULT CHARSET=utf8mb4;
/*!40101 SET character_set_client = @saved_cs_client */;

--
-- Dumping data for table `wms_purchase_detail`
--

LOCK TABLES `wms_purchase_detail` WRITE;
/*!40000 ALTER TABLE `wms_purchase_detail` DISABLE KEYS */;
/*!40000 ALTER TABLE `wms_purchase_detail` ENABLE KEYS */;
UNLOCK TABLES;

--
-- Table structure for table `wms_ware_info`
--

DROP TABLE IF EXISTS `wms_ware_info`;
/*!40101 SET @saved_cs_client     = @@character_set_client */;
/*!40101 SET character_set_client = utf8 */;
CREATE TABLE `wms_ware_info` (
  `id` bigint(20) NOT NULL AUTO_INCREMENT COMMENT 'id',
  `name` varchar(255) DEFAULT NULL COMMENT 'ä»“åº“å',
  `address` varchar(255) DEFAULT NULL COMMENT 'ä»“åº“åœ°å€',
  `areacode` varchar(20) DEFAULT NULL COMMENT 'åŒºåŸŸç¼–ç ',
  PRIMARY KEY (`id`)
) ENGINE=InnoDB AUTO_INCREMENT=5 DEFAULT CHARSET=utf8mb4 COMMENT='ä»“åº“ä¿¡æ¯';
/*!40101 SET character_set_client = @saved_cs_client */;

--
-- Dumping data for table `wms_ware_info`
--

LOCK TABLES `wms_ware_info` WRITE;
/*!40000 ALTER TABLE `wms_ware_info` DISABLE KEYS */;
INSERT INTO `wms_ware_info` VALUES (1,'åŒ—äº¬ä»“','èƒŒæ™¯','100000'),(2,'ä¸Šæµ·ä»“','ä¸Šæµ·ä»“','200000'),(3,'å¹¿å·ä»“','å¹¿å·','300000'),(4,'æ·±åœ³ä»“','æ·±åœ³','400000');
/*!40000 ALTER TABLE `wms_ware_info` ENABLE KEYS */;
UNLOCK TABLES;

--
-- Table structure for table `wms_ware_order_task`
--

DROP TABLE IF EXISTS `wms_ware_order_task`;
/*!40101 SET @saved_cs_client     = @@character_set_client */;
/*!40101 SET character_set_client = utf8 */;
CREATE TABLE `wms_ware_order_task` (
  `id` bigint(20) NOT NULL AUTO_INCREMENT COMMENT 'id',
  `order_id` bigint(20) DEFAULT NULL COMMENT 'order_id',
  `order_sn` varchar(255) DEFAULT NULL COMMENT 'order_sn',
  `consignee` varchar(100) DEFAULT NULL COMMENT 'æ”¶è´§äºº',
  `consignee_tel` char(15) DEFAULT NULL COMMENT 'æ”¶è´§äººç”µè¯',
  `delivery_address` varchar(500) DEFAULT NULL COMMENT 'é…é€åœ°å€',
  `order_comment` varchar(200) DEFAULT NULL COMMENT 'è®¢å•å¤‡æ³¨',
  `payment_way` tinyint(1) DEFAULT NULL COMMENT 'ä»˜æ¬¾æ–¹å¼ã€ 1:åœ¨çº¿ä»˜æ¬¾ 2:è´§åˆ°ä»˜æ¬¾ã€‘',
  `task_status` tinyint(2) DEFAULT NULL COMMENT 'ä»»åŠ¡çŠ¶æ€',
  `order_body` varchar(255) DEFAULT NULL COMMENT 'è®¢å•æè¿°',
  `tracking_no` char(30) DEFAULT NULL COMMENT 'ç‰©æµå•å·',
  `create_time` datetime DEFAULT NULL COMMENT 'create_time',
  `ware_id` bigint(20) DEFAULT NULL COMMENT 'ä»“åº“id',
  `task_comment` varchar(500) DEFAULT NULL COMMENT 'å·¥ä½œå•å¤‡æ³¨',
  PRIMARY KEY (`id`)
) ENGINE=InnoDB DEFAULT CHARSET=utf8mb4 COMMENT='åº“å­˜å·¥ä½œå•';
/*!40101 SET character_set_client = @saved_cs_client */;

--
-- Dumping data for table `wms_ware_order_task`
--

LOCK TABLES `wms_ware_order_task` WRITE;
/*!40000 ALTER TABLE `wms_ware_order_task` DISABLE KEYS */;
/*!40000 ALTER TABLE `wms_ware_order_task` ENABLE KEYS */;
UNLOCK TABLES;

--
-- Table structure for table `wms_ware_order_task_detail`
--

DROP TABLE IF EXISTS `wms_ware_order_task_detail`;
/*!40101 SET @saved_cs_client     = @@character_set_client */;
/*!40101 SET character_set_client = utf8 */;
CREATE TABLE `wms_ware_order_task_detail` (
  `id` bigint(20) NOT NULL AUTO_INCREMENT COMMENT 'id',
  `sku_id` bigint(20) DEFAULT NULL COMMENT 'sku_id',
  `sku_name` varchar(255) DEFAULT NULL COMMENT 'sku_name',
  `sku_num` int(11) DEFAULT NULL COMMENT 'è´­ä¹°ä¸ªæ•°',
  `task_id` bigint(20) DEFAULT NULL COMMENT 'å·¥ä½œå•id',
  `ware_id` bigint(20) DEFAULT NULL,
  `lock_status` int(1) DEFAULT NULL COMMENT '1-é”å®š 2-è§£é” 3-æ‰£å‡',
  PRIMARY KEY (`id`)
) ENGINE=InnoDB AUTO_INCREMENT=4 DEFAULT CHARSET=utf8mb4 COMMENT='åº“å­˜å·¥ä½œå•';
/*!40101 SET character_set_client = @saved_cs_client */;

--
-- Dumping data for table `wms_ware_order_task_detail`
--

LOCK TABLES `wms_ware_order_task_detail` WRITE;
/*!40000 ALTER TABLE `wms_ware_order_task_detail` DISABLE KEYS */;
INSERT INTO `wms_ware_order_task_detail` VALUES (1,1,'',1,NULL,1,1),(2,1,'',1,NULL,1,1),(3,1,'',1,NULL,1,1);
/*!40000 ALTER TABLE `wms_ware_order_task_detail` ENABLE KEYS */;
UNLOCK TABLES;

--
-- Table structure for table `wms_ware_sku`
--

DROP TABLE IF EXISTS `wms_ware_sku`;
/*!40101 SET @saved_cs_client     = @@character_set_client */;
/*!40101 SET character_set_client = utf8 */;
CREATE TABLE `wms_ware_sku` (
  `id` bigint(20) NOT NULL AUTO_INCREMENT COMMENT 'id',
  `sku_id` bigint(20) DEFAULT NULL COMMENT 'sku_id',
  `ware_id` bigint(20) DEFAULT NULL COMMENT 'ä»“åº“id',
  `stock` int(11) DEFAULT NULL COMMENT 'åº“å­˜æ•°',
  `sku_name` varchar(200) DEFAULT NULL COMMENT 'sku_name',
  `stock_locked` int(11) NOT NULL DEFAULT '0' COMMENT 'é”å®šåº“å­˜',
  PRIMARY KEY (`id`)
) ENGINE=InnoDB AUTO_INCREMENT=9 DEFAULT CHARSET=utf8mb4 COMMENT='å•†å“åº“å­˜';
/*!40101 SET character_set_client = @saved_cs_client */;

--
-- Dumping data for table `wms_ware_sku`
--

LOCK TABLES `wms_ware_sku` WRITE;
/*!40000 ALTER TABLE `wms_ware_sku` DISABLE KEYS */;
INSERT INTO `wms_ware_sku` VALUES (1,1,1,100,'åä¸º Mate 30 Pro',13),(2,2,2,120,'åä¸º Mate 30 Pro',10),(3,20,3,220,'iPhone 11 Pro Max',20),(4,22,4,220,'iPhone 11 Pro Max',20),(5,3,1,110,'åä¸º Mate 30 Pro',20),(6,4,1,330,'åä¸º Mate 30 Pro',33),(7,23,1,330,'iPhone 11 Pro Max',0),(8,24,1,320,'iPhone 11 Pro Max',0);
/*!40000 ALTER TABLE `wms_ware_sku` ENABLE KEYS */;
UNLOCK TABLES;
/*!40103 SET TIME_ZONE=@OLD_TIME_ZONE */;

/*!40101 SET SQL_MODE=@OLD_SQL_MODE */;
/*!40014 SET FOREIGN_KEY_CHECKS=@OLD_FOREIGN_KEY_CHECKS */;
/*!40014 SET UNIQUE_CHECKS=@OLD_UNIQUE_CHECKS */;
/*!40101 SET CHARACTER_SET_CLIENT=@OLD_CHARACTER_SET_CLIENT */;
/*!40101 SET CHARACTER_SET_RESULTS=@OLD_CHARACTER_SET_RESULTS */;
/*!40101 SET COLLATION_CONNECTION=@OLD_COLLATION_CONNECTION */;
/*!40111 SET SQL_NOTES=@OLD_SQL_NOTES */;

-- Dump completed on 2020-05-31  9:41:03
